Company,Role,Status,Deadline
Tech Mahindra,ML Engineer,Selected,2026-02-18
Infosys,Frontend Developer,Selected,2025-09-17
Amazon,Cloud Engineer,Applied,2025-07-07
TCS,Backend Developer,Rejected,2026-04-03
Infosys,Data Analyst,OA Cleared,2025-09-04
Infosys,Backend Developer,Selected,2026-01-13
Capgemini,Data Analyst,Selected,2025-10-01
Capgemini,ML Engineer,Interview,2026-01-19
Infosys,DevOps Engineer,OA Cleared,2026-03-09
Google,Data Analyst,OA Cleared,2026-04-10
TCS,DevOps Engineer,Applied,2025-02-17
HCL,Backend Developer,Interview,2026-01-19
Deloitte,ML Engineer,Rejected,2025-05-06
Tech Mahindra,Frontend Developer,Selected,2025-07-25
Microsoft,Software Engineer,Selected,2025-09-25
Tech Mahindra,Data Analyst,Rejected,2026-02-23
Amazon,Data Analyst,OA Cleared,2026-03-12
Cognizant,Software Engineer,Interview,2026-03-25
Zoho,Frontend Developer,Rejected,2025-01-12
Accenture,Data Analyst,OA Cleared,2025-05-14
HCL,ML Engineer,Selected,2025-10-10
Cognizant,Frontend Developer,Interview,2025-12-26
Infosys,DevOps Engineer,Rejected,2025-08-14
Tech Mahindra,ML Engineer,OA Cleared,2026-03-08
Google,DevOps Engineer,Interview,2026-05-11
Capgemini,Backend Developer,Rejected,2025-10-03
HCL,ML Engineer,Rejected,2025-04-22
Capgemini,Cloud Engineer,Rejected,2025-01-16
Accenture,Software Engineer,OA Cleared,2025-11-22
Cognizant,SDE Intern,Selected,2025-05-02
HCL,SDE Intern,Applied,2025-02-02
IBM,Cloud Engineer,OA Cleared,2025-02-25
Capgemini,Frontend Developer,Rejected,2025-11-30
TCS,Cloud Engineer,Selected,2026-01-24
Zoho,Backend Developer,OA Cleared,2026-05-11
Accenture,Backend Developer,Rejected,2025-04-10
Wipro,Data Analyst,OA Cleared,2025-04-10
TCS,Software Engineer,Rejected,2026-04-23
HCL,Software Engineer,Applied,2026-02-18
Oracle,SDE Intern,Applied,2025-02-19
Oracle,Data Analyst,OA Cleared,2025-10-29
IBM,Frontend Developer,OA Cleared,2025-03-14
Capgemini,Data Analyst,Applied,2025-07-17
IBM,Backend Developer,Interview,2025-01-19
Accenture,Cloud Engineer,OA Cleared,2025-10-20
Deloitte,Cloud Engineer,Rejected,2026-05-03
Amazon,Backend Developer,Interview,2026-01-15
Tech Mahindra,Data Analyst,Selected,2025-08-09
IBM,DevOps Engineer,Rejected,2025-02-24
Oracle,Frontend Developer,Rejected,2025-07-08
Oracle,SDE Intern,Rejected,2025-01-16
Zoho,Backend Developer,OA Cleared,2025-12-24
Google,Frontend Developer,Rejected,2025-04-13
Cognizant,DevOps Engineer,Interview,2025-09-26
TCS,SDE Intern,Selected,2025-04-19
HCL,DevOps Engineer,Interview,2025-05-31
Deloitte,Data Analyst,OA Cleared,2025-12-28
Deloitte,DevOps Engineer,Selected,2025-05-15
Infosys,Frontend Developer,Interview,2025-03-16
Deloitte,Cloud Engineer,OA Cleared,2026-03-12
HCL,ML Engineer,Selected,2025-01-08
HCL,Backend Developer,OA Cleared,2025-08-26
Amazon,DevOps Engineer,Rejected,2025-10-25
Oracle,SDE Intern,Rejected,2025-10-11
IBM,Frontend Developer,Selected,2025-03-19
Google,SDE Intern,OA Cleared,2025-01-22
Deloitte,Cloud Engineer,Rejected,2026-03-06
Cognizant,Backend Developer,Selected,2025-01-27
Deloitte,Software Engineer,Interview,2026-01-14
Tech Mahindra,ML Engineer,Applied,2026-03-23
Capgemini,Frontend Developer,OA Cleared,2026-02-04
Wipro,Frontend Developer,Selected,2026-03-07
Wipro,SDE Intern,Applied,2026-01-09
Accenture,Backend Developer,Selected,2025-08-29
Amazon,SDE Intern,Applied,2025-11-09
IBM,Backend Developer,Applied,2025-11-13
Capgemini,Software Engineer,OA Cleared,2025-04-06
IBM,ML Engineer,Selected,2025-04-02
Oracle,Software Engineer,Rejected,2025-06-27
Wipro,Backend Developer,Selected,2026-04-09
HCL,Cloud Engineer,Interview,2025-07-07
IBM,Cloud Engineer,Applied,2025-06-23
Google,Frontend Developer,Selected,2025-07-09
HCL,Backend Developer,OA Cleared,2026-05-14
Cognizant,Software Engineer,OA Cleared,2026-05-04
Capgemini,Software Engineer,Applied,2026-05-11
TCS,ML Engineer,Rejected,2025-11-11
Google,Frontend Developer,Rejected,2026-04-23
Tech Mahindra,Cloud Engineer,Rejected,2026-05-09
Zoho,Software Engineer,Applied,2025-05-03
Oracle,SDE Intern,Interview,2025-11-22
Wipro,DevOps Engineer,Applied,2026-03-26
Cognizant,ML Engineer,Interview,2025-05-14
Google,Software Engineer,Selected,2026-02-19
Oracle,Backend Developer,Applied,2025-11-29
Amazon,Backend Developer,OA Cleared,2026-02-24
Microsoft,Software Engineer,Interview,2025-01-20
IBM,Backend Developer,Applied,2026-03-02
Wipro,Frontend Developer,Interview,2025-05-05
Oracle,ML Engineer,Selected,2025-01-22
Tech Mahindra,Data Analyst,Applied,2025-07-07
IBM,Software Engineer,Rejected,2026-01-01
Tech Mahindra,Backend Developer,OA Cleared,2025-01-08
Capgemini,Backend Developer,Rejected,2025-11-26
Deloitte,Frontend Developer,OA Cleared,2025-08-14
Deloitte,Frontend Developer,Selected,2025-07-11
Accenture,Data Analyst,Applied,2025-11-24
IBM,Backend Developer,OA Cleared,2025-04-12
Cognizant,SDE Intern,Rejected,2026-01-02
Wipro,Frontend Developer,Applied,2025-07-25
HCL,SDE Intern,Selected,2026-01-18
Deloitte,Software Engineer,Selected,2025-01-29
IBM,Backend Developer,Applied,2026-05-16
TCS,DevOps Engineer,Interview,2026-01-01
Wipro,Software Engineer,Rejected,2025-09-29
Cognizant,Software Engineer,OA Cleared,2025-09-04
Oracle,Data Analyst,Selected,2026-05-11
Zoho,Cloud Engineer,OA Cleared,2025-01-11
Wipro,Data Analyst,Selected,2026-04-03
IBM,DevOps Engineer,Selected,2025-03-19
Google,Software Engineer,Selected,2025-11-13
Google,Backend Developer,OA Cleared,2026-04-01
Accenture,Data Analyst,OA Cleared,2025-06-16
Zoho,DevOps Engineer,Selected,2026-03-18
Oracle,Data Analyst,OA Cleared,2025-07-13
Deloitte,DevOps Engineer,Applied,2025-11-23
Deloitte,Cloud Engineer,Interview,2025-03-20
Amazon,Software Engineer,Selected,2025-05-18
Capgemini,Backend Developer,Interview,2026-03-29
IBM,DevOps Engineer,Selected,2025-03-30
Oracle,DevOps Engineer,Selected,2025-07-03
HCL,ML Engineer,Rejected,2026-02-04
Accenture,SDE Intern,Selected,2025-03-11
HCL,Backend Developer,Selected,2026-03-04
TCS,Cloud Engineer,Interview,2025-10-30
Cognizant,Backend Developer,Selected,2026-02-01
TCS,Backend Developer,Applied,2026-04-21
Microsoft,Data Analyst,Applied,2025-08-29
Accenture,Backend Developer,Applied,2025-10-11
TCS,Data Analyst,Rejected,2025-03-31
Wipro,Backend Developer,OA Cleared,2026-02-07
IBM,ML Engineer,Interview,2026-05-14
Tech Mahindra,Data Analyst,Selected,2026-01-12
Zoho,Cloud Engineer,Selected,2025-09-17
Cognizant,DevOps Engineer,Rejected,2025-09-23
Cognizant,Frontend Developer,Applied,2025-03-21
Tech Mahindra,SDE Intern,Rejected,2025-03-27
HCL,DevOps Engineer,Interview,2026-05-13
Deloitte,DevOps Engineer,Interview,2025-11-13
Tech Mahindra,SDE Intern,Selected,2026-01-25
Deloitte,Backend Developer,Selected,2026-02-22
TCS,ML Engineer,Rejected,2025-11-14
TCS,Data Analyst,OA Cleared,2025-02-08
Cognizant,Cloud Engineer,OA Cleared,2025-05-18
Oracle,ML Engineer,Interview,2026-03-26
Tech Mahindra,Backend Developer,Selected,2025-10-07
Cognizant,Cloud Engineer,OA Cleared,2025-06-08
Wipro,Frontend Developer,Selected,2025-07-12
Cognizant,Frontend Developer,OA Cleared,2025-02-25
Microsoft,Backend Developer,OA Cleared,2025-06-28
TCS,Software Engineer,Rejected,2025-12-11
Infosys,Backend Developer,Rejected,2025-06-27
Accenture,ML Engineer,Selected,2026-01-02
Zoho,Frontend Developer,Rejected,2025-04-14
TCS,SDE Intern,Rejected,2025-07-09
Zoho,DevOps Engineer,OA Cleared,2026-04-22
HCL,Software Engineer,Rejected,2025-06-13
Infosys,ML Engineer,Rejected,2026-04-30
Capgemini,Software Engineer,Rejected,2025-06-11
IBM,Frontend Developer,OA Cleared,2025-09-05
Microsoft,DevOps Engineer,Interview,2025-06-08
TCS,DevOps Engineer,OA Cleared,2025-11-12
HCL,ML Engineer,Rejected,2025-11-20
Oracle,SDE Intern,OA Cleared,2025-08-06
Capgemini,Backend Developer,Interview,2025-06-12
Oracle,Cloud Engineer,Selected,2025-04-03
Microsoft,Software Engineer,Interview,2025-08-08
Amazon,Cloud Engineer,Selected,2025-06-12
Cognizant,SDE Intern,Applied,2025-12-21
TCS,Cloud Engineer,Applied,2025-02-21
Deloitte,Software Engineer,OA Cleared,2025-04-11
Cognizant,Software Engineer,OA Cleared,2025-06-18
Microsoft,Cloud Engineer,Selected,2025-08-26
Deloitte,Cloud Engineer,Interview,2025-11-15
HCL,Cloud Engineer,Rejected,2025-09-13
Deloitte,Backend Developer,OA Cleared,2025-01-15
Zoho,Backend Developer,Applied,2025-11-24
Amazon,DevOps Engineer,Applied,2025-07-30
Accenture,Backend Developer,Interview,2026-04-24
Google,Backend Developer,Selected,2026-01-21
Infosys,Backend Developer,OA Cleared,2026-02-18
Amazon,Cloud Engineer,OA Cleared,2025-07-01
Tech Mahindra,SDE Intern,Interview,2025-08-14
Infosys,Data Analyst,Interview,2026-03-18
Wipro,ML Engineer,Selected,2025-03-22
Zoho,Cloud Engineer,Rejected,2025-02-25
Amazon,Data Analyst,OA Cleared,2026-05-09
Capgemini,Cloud Engineer,Rejected,2025-02-05
Microsoft,Cloud Engineer,Interview,2025-01-08
Deloitte,ML Engineer,OA Cleared,2026-05-06
Google,Backend Developer,Selected,2026-03-28
Deloitte,SDE Intern,OA Cleared,2026-01-03
Infosys,Backend Developer,Selected,2025-02-07
Microsoft,Data Analyst,Rejected,2025-12-25
Cognizant,Backend Developer,Applied,2025-04-26
Zoho,Software Engineer,OA Cleared,2025-05-08
Oracle,Cloud Engineer,Rejected,2025-02-27
Deloitte,Data Analyst,OA Cleared,2025-05-01
HCL,Software Engineer,Rejected,2025-07-16
Accenture,Software Engineer,Applied,2026-03-25
Tech Mahindra,ML Engineer,Selected,2025-08-30
Oracle,Software Engineer,Interview,2025-09-19
Oracle,Backend Developer,Selected,2025-01-20
Google,Data Analyst,Selected,2026-04-02
Microsoft,Cloud Engineer,Interview,2025-05-31
Amazon,ML Engineer,Rejected,2025-06-22
Accenture,Data Analyst,OA Cleared,2025-01-13
Amazon,SDE Intern,OA Cleared,2026-02-04
Capgemini,Frontend Developer,Selected,2025-03-10
Microsoft,Software Engineer,Rejected,2025-02-17
Cognizant,SDE Intern,OA Cleared,2025-11-25
Accenture,Software Engineer,OA Cleared,2025-08-22
Google,SDE Intern,Interview,2025-01-30
Google,Software Engineer,Interview,2025-04-23
Microsoft,Backend Developer,Interview,2025-11-01
Deloitte,Software Engineer,Interview,2025-11-13
Infosys,SDE Intern,Selected,2026-04-22
Deloitte,Cloud Engineer,Selected,2025-10-21
TCS,DevOps Engineer,OA Cleared,2026-01-27
Deloitte,ML Engineer,Rejected,2025-07-20
Amazon,Data Analyst,Rejected,2025-10-14
Tech Mahindra,Software Engineer,Applied,2026-04-07
TCS,Cloud Engineer,OA Cleared,2025-01-14
IBM,ML Engineer,Rejected,2026-05-16
Cognizant,SDE Intern,Interview,2025-11-20
Amazon,Cloud Engineer,Interview,2025-02-08
Cognizant,Software Engineer,OA Cleared,2025-06-18
Wipro,Backend Developer,Applied,2026-03-10
Microsoft,Software Engineer,Interview,2026-04-05
Wipro,Software Engineer,Applied,2025-05-13
IBM,Cloud Engineer,Interview,2025-03-11
Google,Cloud Engineer,OA Cleared,2026-02-11
Accenture,Backend Developer,OA Cleared,2025-04-17
TCS,ML Engineer,OA Cleared,2025-06-20
HCL,Cloud Engineer,OA Cleared,2025-05-02
Tech Mahindra,ML Engineer,Selected,2025-07-25
Amazon,Backend Developer,Selected,2025-11-16
Zoho,DevOps Engineer,Selected,2025-09-08
IBM,DevOps Engineer,Selected,2026-05-05
Google,Backend Developer,Rejected,2025-06-16
IBM,SDE Intern,Rejected,2025-05-07
Google,Software Engineer,Rejected,2026-03-22
Infosys,Frontend Developer,Selected,2026-03-06
IBM,DevOps Engineer,Applied,2025-10-31
Tech Mahindra,Frontend Developer,Applied,2026-03-22
Cognizant,Software Engineer,Rejected,2025-01-17
Accenture,Backend Developer,Rejected,2026-02-11
Oracle,Data Analyst,Applied,2025-05-30
Deloitte,Backend Developer,Rejected,2026-01-29
Capgemini,SDE Intern,OA Cleared,2026-04-09
Google,ML Engineer,Selected,2025-01-16
Amazon,Backend Developer,OA Cleared,2025-09-26
Deloitte,Cloud Engineer,Interview,2025-09-17
Microsoft,Backend Developer,Interview,2026-03-21
IBM,Software Engineer,Rejected,2025-06-03
Microsoft,Frontend Developer,Applied,2025-11-16
Oracle,SDE Intern,Selected,2025-12-28
TCS,Frontend Developer,OA Cleared,2026-04-28
Microsoft,DevOps Engineer,Selected,2026-01-09
TCS,Frontend Developer,Applied,2025-10-11
Zoho,DevOps Engineer,Interview,2026-04-17
Google,Data Analyst,Applied,2026-04-07
IBM,SDE Intern,Selected,2025-06-20
Zoho,Software Engineer,Rejected,2025-09-20
Tech Mahindra,ML Engineer,Rejected,2025-06-06
TCS,Frontend Developer,Selected,2026-03-23
Google,Data Analyst,OA Cleared,2026-02-14
HCL,Data Analyst,Selected,2026-04-24
Microsoft,Backend Developer,Rejected,2025-11-13
Microsoft,Backend Developer,Applied,2026-04-20
TCS,ML Engineer,OA Cleared,2025-12-16
Wipro,DevOps Engineer,Interview,2025-03-04
Oracle,Data Analyst,OA Cleared,2025-06-14
Accenture,SDE Intern,Applied,2025-07-27
Google,Backend Developer,Rejected,2026-03-09
Microsoft,Backend Developer,Rejected,2026-02-10
Microsoft,Backend Developer,Interview,2025-03-30
Amazon,SDE Intern,Rejected,2025-06-05
Oracle,Cloud Engineer,Interview,2026-01-23
Microsoft,Software Engineer,Interview,2026-02-04
TCS,Software Engineer,Applied,2025-03-19
Cognizant,Software Engineer,Interview,2025-04-06
Tech Mahindra,Software Engineer,Interview,2025-11-26
Amazon,Backend Developer,Rejected,2025-12-17
Cognizant,DevOps Engineer,Interview,2025-03-30
Zoho,DevOps Engineer,Interview,2025-11-06
Amazon,Software Engineer,Interview,2025-12-21
Capgemini,DevOps Engineer,Rejected,2025-07-30
Tech Mahindra,Cloud Engineer,Rejected,2025-12-08
Amazon,Software Engineer,OA Cleared,2026-04-10
Tech Mahindra,Software Engineer,Selected,2025-05-21
TCS,Backend Developer,Applied,2025-11-05
Oracle,Backend Developer,Interview,2026-03-20
Deloitte,DevOps Engineer,OA Cleared,2026-03-10
HCL,SDE Intern,Rejected,2026-02-01
Cognizant,Data Analyst,OA Cleared,2025-09-13
Tech Mahindra,DevOps Engineer,Selected,2025-02-02
Tech Mahindra,Software Engineer,OA Cleared,2025-11-15
Zoho,Software Engineer,Interview,2026-01-21
HCL,Backend Developer,Selected,2026-01-04
Microsoft,Cloud Engineer,OA Cleared,2026-03-23
Infosys,SDE Intern,Applied,2026-01-17
Wipro,Cloud Engineer,Rejected,2026-04-12
Cognizant,Software Engineer,Applied,2026-03-11
Cognizant,Data Analyst,Interview,2025-06-30
Wipro,SDE Intern,Applied,2025-02-14
Accenture,Cloud Engineer,Interview,2026-02-17
Cognizant,Cloud Engineer,Selected,2025-09-18
IBM,Software Engineer,Selected,2025-09-12
TCS,Data Analyst,Applied,2025-11-19
Infosys,DevOps Engineer,Selected,2025-06-22
Amazon,Software Engineer,Applied,2025-10-28
TCS,Software Engineer,Rejected,2026-03-07
Infosys,ML Engineer,Interview,2025-07-04
Capgemini,Cloud Engineer,Interview,2026-02-10
IBM,Cloud Engineer,Interview,2025-11-11
Tech Mahindra,ML Engineer,Selected,2025-08-06
Microsoft,Cloud Engineer,Rejected,2025-11-27
Capgemini,Frontend Developer,Interview,2026-03-16
Infosys,Cloud Engineer,OA Cleared,2026-02-05
HCL,Software Engineer,Applied,2025-12-23
Google,DevOps Engineer,Interview,2025-08-08
Wipro,Cloud Engineer,Applied,2026-04-08
HCL,Software Engineer,OA Cleared,2025-11-19
Capgemini,ML Engineer,Interview,2025-05-04
Cognizant,Data Analyst,Rejected,2025-11-24
Cognizant,DevOps Engineer,Rejected,2025-01-27
Capgemini,Frontend Developer,OA Cleared,2025-08-29
HCL,Frontend Developer,Interview,2025-05-28
Wipro,Frontend Developer,Applied,2025-03-26
Accenture,Cloud Engineer,Rejected,2025-10-19
Accenture,Backend Developer,Applied,2025-08-16
Infosys,Backend Developer,Rejected,2026-04-01
Wipro,DevOps Engineer,Interview,2025-07-22
Deloitte,SDE Intern,Selected,2025-02-06
Microsoft,Cloud Engineer,Selected,2025-04-05
Zoho,DevOps Engineer,Rejected,2025-06-17
Capgemini,DevOps Engineer,Selected,2026-01-26
Cognizant,SDE Intern,Applied,2025-01-02
Capgemini,SDE Intern,Selected,2025-07-31
Tech Mahindra,SDE Intern,Interview,2025-09-02
Google,Frontend Developer,OA Cleared,2025-02-13
Zoho,Data Analyst,Rejected,2025-02-18
HCL,Frontend Developer,Interview,2026-03-30
Cognizant,SDE Intern,OA Cleared,2026-05-11
Accenture,Cloud Engineer,Rejected,2025-11-13
Wipro,Software Engineer,OA Cleared,2025-10-13
Infosys,SDE Intern,OA Cleared,2026-05-15
Wipro,Frontend Developer,Applied,2025-10-30
Microsoft,Backend Developer,Applied,2025-03-08
Deloitte,Cloud Engineer,Applied,2025-08-25
Accenture,DevOps Engineer,Interview,2026-02-25
Accenture,Backend Developer,Interview,2026-05-06
Accenture,Frontend Developer,OA Cleared,2025-07-11
Zoho,Backend Developer,Interview,2025-07-24
Deloitte,Data Analyst,Selected,2025-08-22
Deloitte,Data Analyst,Selected,2025-10-11
IBM,Software Engineer,Rejected,2025-09-05
HCL,Backend Developer,Rejected,2025-12-24
Cognizant,Frontend Developer,Selected,2025-05-09
Deloitte,Backend Developer,Applied,2026-03-09
HCL,Backend Developer,OA Cleared,2025-05-14
Google,Software Engineer,Interview,2025-07-29
Cognizant,DevOps Engineer,Rejected,2025-07-10
Accenture,Data Analyst,Selected,2025-01-15
Wipro,ML Engineer,Applied,2025-11-04
Infosys,Backend Developer,Interview,2026-04-02
Tech Mahindra,ML Engineer,OA Cleared,2025-03-23
TCS,ML Engineer,Rejected,2025-03-16
Google,DevOps Engineer,Selected,2025-12-31
IBM,Frontend Developer,OA Cleared,2026-01-31
Zoho,Cloud Engineer,Rejected,2025-08-08
Zoho,Frontend Developer,OA Cleared,2025-02-07
Infosys,Software Engineer,OA Cleared,2025-09-14
HCL,Backend Developer,Rejected,2025-04-05
Infosys,DevOps Engineer,OA Cleared,2025-12-02
Oracle,DevOps Engineer,OA Cleared,2025-02-08
TCS,ML Engineer,Applied,2026-01-13
Wipro,Cloud Engineer,Selected,2025-12-18
TCS,Cloud Engineer,Selected,2025-04-07
Cognizant,Data Analyst,Applied,2025-08-27
HCL,Cloud Engineer,Selected,2026-05-04
Google,Software Engineer,Selected,2026-03-25
IBM,Backend Developer,Rejected,2025-01-31
Capgemini,Software Engineer,Rejected,2025-09-10
Zoho,Data Analyst,OA Cleared,2025-10-26
Infosys,Data Analyst,Applied,2025-08-14
Deloitte,Software Engineer,Applied,2025-03-05
Oracle,Frontend Developer,Interview,2025-12-05
Microsoft,Frontend Developer,Rejected,2025-12-12
Microsoft,Frontend Developer,Interview,2025-07-06
Zoho,Data Analyst,Rejected,2025-11-24
Cognizant,SDE Intern,Selected,2026-01-12
Tech Mahindra,Cloud Engineer,Applied,2026-02-25
Microsoft,Backend Developer,Interview,2025-01-29
Google,SDE Intern,Applied,2025-03-20
Cognizant,Software Engineer,Selected,2025-02-14
Microsoft,Cloud Engineer,Rejected,2026-03-20
Google,Frontend Developer,Rejected,2026-02-23
Infosys,SDE Intern,OA Cleared,2025-05-29
Zoho,ML Engineer,Interview,2025-11-03
Cognizant,Cloud Engineer,Rejected,2025-11-26
Capgemini,Cloud Engineer,Selected,2025-09-04
TCS,Software Engineer,Selected,2025-08-25
Tech Mahindra,Software Engineer,OA Cleared,2025-04-12
Deloitte,SDE Intern,Applied,2025-06-14
Capgemini,ML Engineer,Rejected,2025-03-05
Oracle,ML Engineer,Rejected,2025-04-26
Microsoft,Backend Developer,Selected,2025-09-19
Google,SDE Intern,Applied,2025-11-24
TCS,ML Engineer,Rejected,2025-02-06
Oracle,ML Engineer,Applied,2025-12-08
Google,Software Engineer,Rejected,2025-01-01
Wipro,SDE Intern,Selected,2026-03-19
HCL,Software Engineer,Applied,2025-10-28
Tech Mahindra,Frontend Developer,OA Cleared,2025-10-27
Zoho,DevOps Engineer,Applied,2025-04-06
TCS,ML Engineer,Rejected,2025-08-26
IBM,Cloud Engineer,Interview,2026-02-07
HCL,DevOps Engineer,Selected,2025-09-14
Deloitte,Cloud Engineer,OA Cleared,2025-04-28
Cognizant,ML Engineer,OA Cleared,2025-04-18
IBM,DevOps Engineer,Selected,2025-05-08
Deloitte,DevOps Engineer,Interview,2025-09-01
Tech Mahindra,Frontend Developer,Interview,2025-12-02
Google,Cloud Engineer,OA Cleared,2025-06-09
Cognizant,Data Analyst,Applied,2025-02-04
Wipro,Frontend Developer,Selected,2025-04-18
Deloitte,ML Engineer,OA Cleared,2026-02-15
Capgemini,SDE Intern,Applied,2026-01-01
Google,Backend Developer,Selected,2025-04-02
Microsoft,ML Engineer,OA Cleared,2026-03-21
TCS,Backend Developer,Rejected,2026-01-28
Infosys,DevOps Engineer,Rejected,2026-04-15
IBM,SDE Intern,Selected,2025-04-05
Amazon,Cloud Engineer,Rejected,2026-05-14
Wipro,SDE Intern,Selected,2025-05-07
Capgemini,Software Engineer,Selected,2025-07-13
Amazon,Backend Developer,Interview,2026-02-15
Microsoft,Backend Developer,Rejected,2025-05-13
TCS,Cloud Engineer,Selected,2025-01-23
Capgemini,Cloud Engineer,Interview,2025-07-20
Google,Data Analyst,Applied,2026-03-17
Deloitte,DevOps Engineer,OA Cleared,2025-04-09
Tech Mahindra,SDE Intern,OA Cleared,2025-01-22
Oracle,ML Engineer,Interview,2025-11-24
Oracle,Software Engineer,OA Cleared,2026-04-17
HCL,Frontend Developer,Selected,2025-10-12
Deloitte,Software Engineer,Rejected,2025-05-13
Oracle,Software Engineer,Rejected,2025-08-31
IBM,DevOps Engineer,Interview,2025-08-30
Tech Mahindra,ML Engineer,Selected,2025-06-23
Cognizant,Software Engineer,Selected,2025-12-30
Google,Data Analyst,Rejected,2026-03-12
Amazon,Software Engineer,Selected,2025-09-09
Oracle,DevOps Engineer,Applied,2025-06-02
Infosys,SDE Intern,Selected,2025-12-03
Wipro,SDE Intern,Rejected,2025-07-25
Tech Mahindra,SDE Intern,OA Cleared,2025-05-10
Wipro,Frontend Developer,Rejected,2025-07-23
Zoho,Frontend Developer,Rejected,2025-07-15
HCL,Cloud Engineer,Selected,2025-03-18
Microsoft,Software Engineer,Rejected,2026-03-16
Infosys,Backend Developer,OA Cleared,2026-05-04
Cognizant,Frontend Developer,Rejected,2025-02-12
Wipro,SDE Intern,Rejected,2025-08-30
Oracle,SDE Intern,Rejected,2025-01-07
Oracle,Data Analyst,OA Cleared,2025-06-27
Capgemini,SDE Intern,Applied,2026-03-27
Oracle,Cloud Engineer,OA Cleared,2025-03-07
Microsoft,Frontend Developer,Rejected,2026-02-02
IBM,ML Engineer,Interview,2025-05-24
Tech Mahindra,SDE Intern,OA Cleared,2026-04-02
Capgemini,Cloud Engineer,Rejected,2025-09-15
Deloitte,ML Engineer,OA Cleared,2026-02-17
IBM,DevOps Engineer,OA Cleared,2026-01-09
HCL,DevOps Engineer,Selected,2025-10-25
Capgemini,Software Engineer,Selected,2026-01-16
Zoho,Cloud Engineer,Selected,2025-12-21
Capgemini,Backend Developer,OA Cleared,2025-04-19
Google,Data Analyst,Applied,2025-07-08
Google,ML Engineer,Selected,2025-07-09
HCL,Data Analyst,Interview,2026-05-08
Accenture,Cloud Engineer,Applied,2025-07-04
Google,ML Engineer,Applied,2026-02-02
Wipro,DevOps Engineer,Interview,2026-02-15
IBM,SDE Intern,Selected,2026-02-16
Google,Cloud Engineer,Rejected,2025-07-13
Deloitte,Software Engineer,Selected,2025-12-01
Infosys,Backend Developer,OA Cleared,2025-06-03
TCS,Cloud Engineer,Selected,2025-04-20
HCL,Backend Developer,Interview,2026-02-15
Google,DevOps Engineer,OA Cleared,2025-05-04
Cognizant,Software Engineer,Rejected,2025-02-13
Amazon,Backend Developer,OA Cleared,2025-07-26
Amazon,Data Analyst,Rejected,2025-05-08
Deloitte,DevOps Engineer,OA Cleared,2025-11-17
IBM,SDE Intern,Selected,2025-07-05
Oracle,Backend Developer,OA Cleared,2025-05-03
Zoho,Data Analyst,OA Cleared,2025-01-24
Deloitte,DevOps Engineer,Selected,2025-04-03
Microsoft,Data Analyst,OA Cleared,2026-02-26
IBM,ML Engineer,Selected,2025-02-08
Google,DevOps Engineer,Rejected,2025-08-14
Oracle,Data Analyst,OA Cleared,2025-06-11
Microsoft,Data Analyst,Rejected,2026-05-02
TCS,Backend Developer,Rejected,2025-07-12
Amazon,SDE Intern,Interview,2025-11-22
IBM,ML Engineer,OA Cleared,2025-12-03
Infosys,SDE Intern,Interview,2025-01-26
Capgemini,ML Engineer,Selected,2026-02-02
HCL,Software Engineer,Rejected,2025-07-07
Oracle,DevOps Engineer,Selected,2025-03-01
Capgemini,Backend Developer,OA Cleared,2025-05-22
Google,SDE Intern,Selected,2026-03-30
Amazon,SDE Intern,Interview,2025-12-10
IBM,SDE Intern,Applied,2026-03-17
HCL,SDE Intern,OA Cleared,2025-01-24
Infosys,Cloud Engineer,Applied,2025-08-22
TCS,Frontend Developer,Selected,2026-04-12
HCL,Data Analyst,Interview,2026-02-04
HCL,DevOps Engineer,Applied,2025-04-01
Infosys,Backend Developer,Rejected,2025-08-04
Infosys,Software Engineer,Selected,2026-01-16
HCL,ML Engineer,Interview,2025-09-20
Amazon,Backend Developer,Rejected,2026-01-21
Zoho,ML Engineer,Interview,2025-11-21
Capgemini,Backend Developer,Applied,2026-04-22
Oracle,Cloud Engineer,Rejected,2026-04-03
Wipro,ML Engineer,Rejected,2025-08-20
Cognizant,Software Engineer,Applied,2026-03-01
Accenture,SDE Intern,OA Cleared,2025-07-01
Capgemini,ML Engineer,Rejected,2025-04-12
Tech Mahindra,ML Engineer,Rejected,2026-04-13
HCL,Backend Developer,OA Cleared,2026-03-26
Deloitte,SDE Intern,Interview,2025-01-26
IBM,Backend Developer,Applied,2026-03-31
Wipro,Software Engineer,Interview,2026-03-12
Google,SDE Intern,Applied,2025-05-27
TCS,Cloud Engineer,Interview,2025-05-30
Deloitte,SDE Intern,Applied,2026-04-29
Infosys,Data Analyst,Selected,2025-10-24
Amazon,Data Analyst,Applied,2025-03-07
Capgemini,Backend Developer,Selected,2026-02-06
IBM,DevOps Engineer,Applied,2025-09-12
Oracle,Frontend Developer,Interview,2025-07-20
Google,ML Engineer,Selected,2025-08-18
Microsoft,Frontend Developer,Selected,2025-08-05
Google,ML Engineer,Selected,2026-01-05
Zoho,DevOps Engineer,Applied,2026-03-25
Cognizant,DevOps Engineer,Applied,2025-07-09
Cognizant,Data Analyst,Rejected,2026-01-14
Capgemini,Cloud Engineer,Interview,2025-09-04
Google,Software Engineer,Selected,2025-06-28
HCL,DevOps Engineer,Selected,2025-01-30
Google,Frontend Developer,Selected,2025-11-03
Amazon,Frontend Developer,Interview,2025-08-01
Cognizant,SDE Intern,OA Cleared,2025-10-13
Zoho,Data Analyst,OA Cleared,2026-03-28
Deloitte,Data Analyst,OA Cleared,2026-01-13
Capgemini,Frontend Developer,Rejected,2025-09-19
Accenture,Software Engineer,Selected,2025-10-31
Microsoft,Software Engineer,OA Cleared,2025-05-18
Cognizant,Backend Developer,Interview,2025-06-17
Microsoft,Backend Developer,Interview,2025-06-22
Deloitte,Software Engineer,OA Cleared,2025-02-18
Cognizant,Backend Developer,Rejected,2025-03-12
HCL,Frontend Developer,Applied,2025-12-31
Google,Cloud Engineer,Applied,2025-01-03
Cognizant,Cloud Engineer,OA Cleared,2025-07-07
Accenture,Backend Developer,Selected,2025-08-31
Wipro,Data Analyst,Selected,2026-02-20
IBM,Software Engineer,Interview,2025-01-25
Zoho,DevOps Engineer,Interview,2025-01-03
Oracle,Backend Developer,Applied,2026-01-29
TCS,Frontend Developer,OA Cleared,2025-04-21
Infosys,Software Engineer,Rejected,2025-12-22
Accenture,Cloud Engineer,OA Cleared,2025-11-12
Accenture,Software Engineer,Selected,2026-04-28
Capgemini,Frontend Developer,Rejected,2025-06-20
Zoho,SDE Intern,OA Cleared,2025-09-14
Deloitte,ML Engineer,Selected,2025-01-11
Capgemini,Data Analyst,Selected,2026-01-12
Google,ML Engineer,Selected,2026-05-05
Oracle,SDE Intern,OA Cleared,2025-03-14
Tech Mahindra,Data Analyst,OA Cleared,2026-02-27
IBM,ML Engineer,Rejected,2025-04-10
Microsoft,Software Engineer,Interview,2025-12-07
Microsoft,Software Engineer,Interview,2026-04-07
HCL,Frontend Developer,Rejected,2025-02-22
Accenture,Software Engineer,Interview,2025-11-22
Zoho,SDE Intern,Selected,2025-06-29
Microsoft,SDE Intern,OA Cleared,2025-05-29
Cognizant,Data Analyst,Selected,2026-05-01
Oracle,Frontend Developer,Selected,2025-04-23
HCL,SDE Intern,OA Cleared,2025-07-18
Infosys,Frontend Developer,Rejected,2025-03-27
Deloitte,SDE Intern,Applied,2025-08-14
Microsoft,Frontend Developer,Selected,2026-02-27
Amazon,Frontend Developer,Selected,2025-04-10
Oracle,Software Engineer,Applied,2025-03-22
TCS,Backend Developer,Rejected,2026-02-06
Deloitte,Frontend Developer,Applied,2025-10-16
Amazon,Data Analyst,Applied,2025-07-21
IBM,Cloud Engineer,OA Cleared,2025-04-16
Microsoft,ML Engineer,Rejected,2025-02-06
Oracle,Backend Developer,Applied,2025-04-25
Oracle,SDE Intern,Applied,2025-11-06
Google,Backend Developer,Rejected,2025-06-27
Google,Frontend Developer,OA Cleared,2025-04-05
TCS,Frontend Developer,Selected,2025-11-01
Capgemini,Cloud Engineer,Selected,2025-08-26
HCL,SDE Intern,Selected,2025-03-13
TCS,Software Engineer,Interview,2025-09-08
Accenture,Cloud Engineer,Rejected,2025-06-11
Infosys,ML Engineer,Interview,2025-11-10
Capgemini,Backend Developer,Selected,2025-12-16
Zoho,DevOps Engineer,OA Cleared,2025-02-11
HCL,SDE Intern,Rejected,2025-03-16
Accenture,Software Engineer,OA Cleared,2026-01-27
Infosys,SDE Intern,Interview,2026-01-19
HCL,DevOps Engineer,Rejected,2025-06-07
Oracle,Backend Developer,Rejected,2026-02-16
Capgemini,ML Engineer,Rejected,2025-06-24
HCL,SDE Intern,Applied,2025-09-02
Wipro,DevOps Engineer,Applied,2025-06-14
Wipro,Frontend Developer,Applied,2026-04-06
Oracle,Software Engineer,Selected,2025-05-02
Accenture,DevOps Engineer,Selected,2025-06-13
HCL,Backend Developer,Rejected,2026-04-02
Wipro,Software Engineer,Interview,2025-06-22
Oracle,Cloud Engineer,Selected,2025-04-07
HCL,Data Analyst,OA Cleared,2026-04-16
Accenture,Backend Developer,Interview,2025-03-03
Amazon,Cloud Engineer,Interview,2025-04-22
HCL,Software Engineer,Rejected,2026-01-28
IBM,Software Engineer,Rejected,2025-04-28
Cognizant,ML Engineer,Interview,2026-03-01
Amazon,ML Engineer,Applied,2025-11-16
Deloitte,DevOps Engineer,Applied,2025-12-29
Oracle,Data Analyst,Selected,2025-03-09
TCS,ML Engineer,Applied,2025-09-05
TCS,Data Analyst,Interview,2025-04-05
HCL,DevOps Engineer,Applied,2025-07-29
Amazon,Cloud Engineer,OA Cleared,2025-02-18
Google,Frontend Developer,Interview,2025-06-28
Google,Frontend Developer,Interview,2026-03-03
HCL,DevOps Engineer,Selected,2025-10-28
Microsoft,Backend Developer,Applied,2025-03-19
Infosys,Cloud Engineer,Interview,2025-01-09
Amazon,Cloud Engineer,Applied,2025-07-16
Accenture,Software Engineer,OA Cleared,2025-03-13
Deloitte,Backend Developer,Rejected,2025-03-15
Wipro,ML Engineer,Rejected,2025-06-12
TCS,Backend Developer,Applied,2025-12-02
Wipro,DevOps Engineer,OA Cleared,2025-12-18
Deloitte,ML Engineer,OA Cleared,2026-02-06
Oracle,Backend Developer,Applied,2025-02-03
Tech Mahindra,ML Engineer,Selected,2025-12-03
HCL,DevOps Engineer,Rejected,2025-11-20
Capgemini,DevOps Engineer,OA Cleared,2025-06-03
Amazon,SDE Intern,OA Cleared,2025-08-22
Deloitte,Cloud Engineer,OA Cleared,2025-10-25
Zoho,Backend Developer,Rejected,2026-01-16
Deloitte,Software Engineer,OA Cleared,2025-12-11
Capgemini,ML Engineer,Interview,2025-10-29
Wipro,SDE Intern,Applied,2026-02-17
Capgemini,Backend Developer,Selected,2025-04-28
Accenture,Backend Developer,OA Cleared,2026-05-07
Infosys,Software Engineer,Rejected,2025-06-20
Microsoft,Software Engineer,Applied,2026-05-03
TCS,Cloud Engineer,OA Cleared,2025-12-06
TCS,Cloud Engineer,Applied,2026-04-28
IBM,Data Analyst,Interview,2025-03-20
IBM,Data Analyst,Interview,2025-09-08
Capgemini,ML Engineer,OA Cleared,2025-09-14
Zoho,Backend Developer,OA Cleared,2026-01-25
Oracle,Data Analyst,Applied,2025-05-24
Oracle,Frontend Developer,Selected,2025-07-10
Cognizant,Data Analyst,Applied,2025-04-14
IBM,Data Analyst,Rejected,2025-12-10
Deloitte,DevOps Engineer,Applied,2026-05-16
IBM,Frontend Developer,Applied,2026-01-27
Oracle,Software Engineer,Applied,2025-04-19
Zoho,Frontend Developer,OA Cleared,2025-06-25
Microsoft,Cloud Engineer,Selected,2025-11-16
Accenture,DevOps Engineer,Selected,2025-12-23
Amazon,Software Engineer,Rejected,2025-01-20
Google,Cloud Engineer,Selected,2025-03-11
Capgemini,Cloud Engineer,Interview,2026-01-17
Oracle,DevOps Engineer,Applied,2025-02-10
Wipro,SDE Intern,Interview,2025-10-28
Capgemini,DevOps Engineer,Selected,2025-01-26
Wipro,DevOps Engineer,Interview,2025-12-29
Wipro,ML Engineer,Selected,2025-06-25
IBM,Backend Developer,OA Cleared,2025-05-31
Infosys,Cloud Engineer,Interview,2025-12-26
Microsoft,Software Engineer,OA Cleared,2025-08-09
Cognizant,Data Analyst,Applied,2026-02-16
Infosys,DevOps Engineer,Applied,2025-07-25
Deloitte,DevOps Engineer,Rejected,2025-05-12
Deloitte,ML Engineer,Applied,2026-03-14
Deloitte,Software Engineer,OA Cleared,2026-03-27
Wipro,Software Engineer,OA Cleared,2025-05-08
HCL,DevOps Engineer,Rejected,2025-03-14
Cognizant,Backend Developer,Applied,2025-04-02
TCS,DevOps Engineer,Interview,2026-02-04
IBM,Backend Developer,Interview,2025-05-03
Wipro,DevOps Engineer,Selected,2025-12-12
Wipro,Data Analyst,Interview,2025-02-03
Cognizant,DevOps Engineer,Rejected,2025-05-09
Oracle,SDE Intern,OA Cleared,2025-05-14
Cognizant,Software Engineer,Interview,2025-09-04
Zoho,Frontend Developer,Applied,2025-04-28
HCL,ML Engineer,Interview,2025-07-24
Capgemini,DevOps Engineer,Applied,2026-01-05
Infosys,Backend Developer,OA Cleared,2025-05-29
HCL,DevOps Engineer,Interview,2025-03-15
Zoho,DevOps Engineer,Selected,2026-01-14
Amazon,Software Engineer,Selected,2026-01-25
Accenture,DevOps Engineer,Rejected,2026-05-10
Google,Cloud Engineer,Selected,2025-04-23
Microsoft,SDE Intern,Interview,2025-03-30
Wipro,DevOps Engineer,Interview,2025-06-09
Capgemini,Software Engineer,Rejected,2026-05-02
IBM,SDE Intern,Selected,2025-12-28
Amazon,Data Analyst,Rejected,2025-09-11
Oracle,Data Analyst,OA Cleared,2025-05-08
Oracle,Frontend Developer,Rejected,2025-07-10
Wipro,Cloud Engineer,Rejected,2026-05-13
Oracle,Data Analyst,Rejected,2026-03-12
Accenture,Cloud Engineer,Interview,2025-09-02
Cognizant,Backend Developer,Selected,2025-08-05
Google,Backend Developer,Interview,2025-10-20
Accenture,ML Engineer,Interview,2025-11-10
Google,Data Analyst,Applied,2025-03-17
IBM,Frontend Developer,Applied,2025-08-07
Wipro,Data Analyst,Applied,2025-02-26
TCS,DevOps Engineer,Applied,2026-03-29
Zoho,Data Analyst,Rejected,2026-02-20
Accenture,Backend Developer,Selected,2025-05-28
Zoho,ML Engineer,Rejected,2026-03-17
Deloitte,Data Analyst,Rejected,2025-10-13
Capgemini,SDE Intern,Applied,2026-04-28
HCL,SDE Intern,Interview,2025-06-12
Microsoft,DevOps Engineer,Applied,2026-05-15
Zoho,ML Engineer,OA Cleared,2026-03-22
Deloitte,DevOps Engineer,Rejected,2025-01-12
TCS,ML Engineer,Interview,2025-11-18
Cognizant,DevOps Engineer,OA Cleared,2025-03-28
Capgemini,DevOps Engineer,Selected,2025-03-24
Infosys,DevOps Engineer,Applied,2025-04-23
Wipro,Frontend Developer,OA Cleared,2026-02-05
Amazon,DevOps Engineer,Applied,2025-10-05
Tech Mahindra,Data Analyst,Rejected,2026-03-19
Oracle,DevOps Engineer,Selected,2026-04-21
Wipro,Frontend Developer,OA Cleared,2026-01-26
Tech Mahindra,Frontend Developer,Interview,2026-03-22
Accenture,Cloud Engineer,OA Cleared,2025-01-01
Capgemini,ML Engineer,Interview,2025-02-19
Amazon,Data Analyst,Selected,2025-07-28
IBM,Backend Developer,OA Cleared,2026-01-05
Wipro,Frontend Developer,OA Cleared,2025-10-05
HCL,Software Engineer,Selected,2025-12-03
Cognizant,Software Engineer,Applied,2025-03-19
Infosys,Frontend Developer,OA Cleared,2025-01-06
Wipro,Cloud Engineer,Selected,2025-12-29
Google,Backend Developer,Applied,2025-02-22
Oracle,SDE Intern,Rejected,2025-07-18
Google,SDE Intern,OA Cleared,2025-06-10
Tech Mahindra,SDE Intern,OA Cleared,2025-04-29
Google,Cloud Engineer,Interview,2025-05-06
Google,ML Engineer,Rejected,2025-02-14
TCS,SDE Intern,Interview,2026-04-10
Oracle,Cloud Engineer,Applied,2025-04-27
Accenture,Data Analyst,OA Cleared,2025-12-07
Oracle,Backend Developer,Interview,2025-11-28
Oracle,SDE Intern,Selected,2025-08-04
TCS,Backend Developer,Selected,2025-06-09
Capgemini,Software Engineer,Applied,2025-02-16
IBM,Software Engineer,Selected,2025-02-28
Google,SDE Intern,Applied,2025-05-12
Cognizant,ML Engineer,Interview,2026-03-09
Google,DevOps Engineer,Selected,2025-07-14
TCS,Data Analyst,Interview,2025-12-16
Deloitte,Frontend Developer,OA Cleared,2025-03-01
Amazon,Data Analyst,Selected,2026-02-14
Cognizant,Software Engineer,Applied,2025-07-05
IBM,Frontend Developer,Applied,2026-02-15
Cognizant,Cloud Engineer,Rejected,2025-03-26
Deloitte,Frontend Developer,Interview,2025-12-16
Amazon,Data Analyst,OA Cleared,2026-03-04
TCS,Software Engineer,Rejected,2025-07-21
Amazon,Backend Developer,Selected,2025-08-24
Capgemini,Cloud Engineer,Interview,2025-05-04
Oracle,DevOps Engineer,Interview,2025-02-10
Oracle,ML Engineer,Selected,2025-11-19
HCL,ML Engineer,Selected,2025-08-17
Microsoft,Cloud Engineer,Interview,2025-08-10
IBM,Backend Developer,Applied,2026-03-20
Oracle,Cloud Engineer,OA Cleared,2025-12-14
Amazon,Data Analyst,OA Cleared,2025-03-21
Cognizant,SDE Intern,Rejected,2025-12-11
Google,Backend Developer,Applied,2025-03-21
Infosys,Frontend Developer,Applied,2025-06-21
Cognizant,Backend Developer,Applied,2025-10-02
Accenture,Backend Developer,Rejected,2025-09-06
Google,Frontend Developer,Interview,2025-05-25
Capgemini,Backend Developer,OA Cleared,2025-04-21
Wipro,Frontend Developer,Selected,2025-08-08
Tech Mahindra,Software Engineer,Selected,2025-02-10
Zoho,DevOps Engineer,OA Cleared,2025-04-19
Deloitte,SDE Intern,Rejected,2025-10-01
Wipro,ML Engineer,Applied,2025-04-30
Wipro,Software Engineer,Interview,2026-01-13
Microsoft,SDE Intern,Applied,2025-03-26
Infosys,Cloud Engineer,Interview,2026-04-06
Capgemini,Software Engineer,Applied,2025-02-09
Tech Mahindra,Frontend Developer,Applied,2025-04-08
Accenture,Data Analyst,Applied,2025-11-02
Capgemini,Cloud Engineer,OA Cleared,2025-01-12
Tech Mahindra,Cloud Engineer,Selected,2025-08-14
TCS,Frontend Developer,OA Cleared,2025-10-01
Oracle,DevOps Engineer,Applied,2026-02-02
Deloitte,ML Engineer,Interview,2025-08-21
TCS,DevOps Engineer,Applied,2026-04-27
Oracle,SDE Intern,Rejected,2025-06-15
Google,Data Analyst,Interview,2026-03-24
Capgemini,DevOps Engineer,Applied,2026-01-30
HCL,Data Analyst,Interview,2025-01-11
Wipro,Cloud Engineer,OA Cleared,2026-04-22
Cognizant,Software Engineer,Interview,2025-08-29
Microsoft,Cloud Engineer,Interview,2025-02-28
Microsoft,Data Analyst,Interview,2025-03-16
Google,Software Engineer,Selected,2025-05-06
Accenture,Data Analyst,Applied,2025-11-11
Capgemini,ML Engineer,Selected,2025-04-30
Zoho,SDE Intern,OA Cleared,2025-11-12
Cognizant,Software Engineer,Selected,2025-06-26
Amazon,SDE Intern,Selected,2025-05-13
Infosys,Software Engineer,OA Cleared,2025-12-24
HCL,SDE Intern,Applied,2025-02-22
Deloitte,Software Engineer,OA Cleared,2025-09-23
IBM,Data Analyst,Interview,2025-11-18
Cognizant,ML Engineer,Interview,2025-04-12
Zoho,Cloud Engineer,Rejected,2026-05-15
Deloitte,DevOps Engineer,Selected,2025-06-17
Infosys,Data Analyst,Selected,2025-11-10
HCL,Data Analyst,Applied,2026-04-15
Tech Mahindra,Software Engineer,Interview,2025-07-02
Infosys,SDE Intern,Selected,2025-02-24
Accenture,Frontend Developer,OA Cleared,2026-03-05
Oracle,Backend Developer,Interview,2026-02-16
Wipro,Software Engineer,Selected,2025-08-21
Capgemini,Frontend Developer,Interview,2026-04-21
Zoho,Software Engineer,Interview,2025-12-18
Oracle,Cloud Engineer,Interview,2025-01-18
Tech Mahindra,Cloud Engineer,Applied,2025-02-19
IBM,Software Engineer,Selected,2025-08-13
Wipro,SDE Intern,Rejected,2025-09-19
Wipro,DevOps Engineer,Rejected,2026-03-22
Amazon,Cloud Engineer,Selected,2025-10-13
Capgemini,Data Analyst,Rejected,2026-03-10
Infosys,ML Engineer,Applied,2025-09-19
Cognizant,ML Engineer,Applied,2025-02-11
TCS,Frontend Developer,Rejected,2025-11-11
Microsoft,ML Engineer,Rejected,2026-05-06
HCL,Data Analyst,Interview,2025-03-30
Microsoft,DevOps Engineer,Selected,2025-01-28
Capgemini,SDE Intern,Selected,2025-12-21
IBM,DevOps Engineer,Interview,2025-01-29
Microsoft,Cloud Engineer,OA Cleared,2025-04-23
TCS,Software Engineer,Applied,2025-12-12
Wipro,Data Analyst,OA Cleared,2025-06-28
Amazon,SDE Intern,Rejected,2025-03-21
IBM,Cloud Engineer,Applied,2025-10-16
Accenture,Data Analyst,OA Cleared,2025-04-07
Google,Cloud Engineer,Applied,2025-03-28
Amazon,ML Engineer,Applied,2025-01-03
HCL,Software Engineer,Interview,2025-11-30
IBM,SDE Intern,Selected,2026-03-08
Cognizant,Backend Developer,Applied,2025-04-01
Deloitte,Software Engineer,Rejected,2025-04-16
Amazon,Data Analyst,Selected,2025-03-27
Capgemini,Cloud Engineer,Rejected,2026-01-18
Accenture,Frontend Developer,Interview,2025-11-16
Accenture,DevOps Engineer,Interview,2026-05-01
Amazon,DevOps Engineer,Selected,2026-03-16
Wipro,ML Engineer,OA Cleared,2025-06-25
Infosys,Data Analyst,Selected,2025-08-16
HCL,Backend Developer,Interview,2025-04-17
Wipro,ML Engineer,Interview,2025-12-05
HCL,DevOps Engineer,Applied,2025-06-02
Oracle,Frontend Developer,OA Cleared,2025-11-01
Google,Cloud Engineer,Interview,2026-03-07
Zoho,DevOps Engineer,Applied,2025-05-21
Tech Mahindra,Software Engineer,Selected,2026-05-11
Amazon,Data Analyst,OA Cleared,2025-01-31
Oracle,Software Engineer,OA Cleared,2025-09-29
Deloitte,ML Engineer,Selected,2026-05-01
Tech Mahindra,Software Engineer,Selected,2025-04-11
Cognizant,Data Analyst,Selected,2025-07-03
Zoho,Software Engineer,Interview,2025-04-19
Amazon,ML Engineer,Interview,2025-05-26
Wipro,Cloud Engineer,Interview,2025-06-06
Capgemini,Data Analyst,Applied,2025-11-01
TCS,Backend Developer,Applied,2025-11-12
Accenture,ML Engineer,Applied,2025-06-07
IBM,Frontend Developer,Selected,2025-04-12
Capgemini,Data Analyst,OA Cleared,2025-03-17
Tech Mahindra,DevOps Engineer,Applied,2025-09-27
Microsoft,Backend Developer,OA Cleared,2026-04-08
IBM,Backend Developer,OA Cleared,2025-11-11
Amazon,DevOps Engineer,OA Cleared,2025-03-08
Accenture,DevOps Engineer,OA Cleared,2026-02-03
Cognizant,Frontend Developer,Applied,2025-03-18
Microsoft,Software Engineer,Applied,2025-04-22
Deloitte,SDE Intern,OA Cleared,2025-01-18
Accenture,Frontend Developer,Applied,2025-02-14
Zoho,Frontend Developer,Applied,2025-07-01
Accenture,SDE Intern,Interview,2026-03-04
IBM,Cloud Engineer,Applied,2025-11-20
Wipro,ML Engineer,Selected,2026-01-08
Infosys,Cloud Engineer,Interview,2026-04-25
IBM,DevOps Engineer,OA Cleared,2025-01-15
Google,ML Engineer,Applied,2025-02-14
Tech Mahindra,Cloud Engineer,OA Cleared,2025-12-22
Deloitte,SDE Intern,Selected,2026-04-02
TCS,DevOps Engineer,Interview,2025-08-22
Capgemini,SDE Intern,OA Cleared,2025-08-18
Zoho,ML Engineer,Applied,2026-05-03
Infosys,Software Engineer,Interview,2026-02-27
Capgemini,Data Analyst,Rejected,2025-10-01
Tech Mahindra,Data Analyst,Selected,2025-07-28
Microsoft,ML Engineer,Rejected,2025-06-26
Tech Mahindra,Cloud Engineer,OA Cleared,2026-04-01
Wipro,Frontend Developer,Interview,2026-03-16
Wipro,Cloud Engineer,OA Cleared,2025-01-05
IBM,Data Analyst,Interview,2025-08-21
Tech Mahindra,SDE Intern,Applied,2025-03-24
Capgemini,ML Engineer,Rejected,2026-04-22
Cognizant,SDE Intern,Selected,2026-04-24
IBM,Cloud Engineer,Selected,2025-06-28
Deloitte,DevOps Engineer,Interview,2025-03-12
Zoho,Cloud Engineer,OA Cleared,2026-02-20
Cognizant,Software Engineer,Rejected,2025-11-15
Accenture,Data Analyst,Rejected,2025-01-10
Accenture,ML Engineer,OA Cleared,2025-11-02
Oracle,Frontend Developer,Applied,2025-03-23
Accenture,Frontend Developer,Selected,2026-03-15
Microsoft,ML Engineer,Rejected,2025-02-06
Wipro,Software Engineer,Applied,2025-05-04
TCS,SDE Intern,OA Cleared,2025-11-02
Tech Mahindra,Frontend Developer,Interview,2025-02-25
IBM,Data Analyst,Interview,2025-05-19
Tech Mahindra,SDE Intern,Applied,2025-02-07
Accenture,Backend Developer,OA Cleared,2025-08-19
HCL,Cloud Engineer,Applied,2026-03-08
Google,Software Engineer,Rejected,2025-02-10
Zoho,DevOps Engineer,OA Cleared,2025-03-22
Cognizant,Backend Developer,Selected,2026-03-12
Tech Mahindra,Backend Developer,Rejected,2026-04-13
Amazon,Data Analyst,Applied,2026-02-16
TCS,Frontend Developer,Selected,2025-02-28
TCS,Software Engineer,Selected,2026-03-17
Capgemini,Software Engineer,Interview,2025-03-01
Wipro,DevOps Engineer,Selected,2025-12-01
Microsoft,Backend Developer,OA Cleared,2025-06-11
Deloitte,ML Engineer,Applied,2025-09-25
Microsoft,SDE Intern,Selected,2025-04-10
Capgemini,Frontend Developer,Rejected,2026-02-15
Infosys,SDE Intern,Rejected,2025-10-29
TCS,ML Engineer,Rejected,2025-07-22
Wipro,Backend Developer,OA Cleared,2026-03-14
Oracle,ML Engineer,OA Cleared,2025-06-14
IBM,Software Engineer,Selected,2025-06-23
Zoho,SDE Intern,Interview,2025-02-10
Oracle,Cloud Engineer,OA Cleared,2025-10-04
Amazon,Data Analyst,Applied,2025-11-14
Capgemini,Software Engineer,Applied,2026-05-03
Google,Cloud Engineer,Applied,2025-03-31
Amazon,Backend Developer,Rejected,2025-10-25
Cognizant,Cloud Engineer,Rejected,2025-05-31
Cognizant,Software Engineer,OA Cleared,2025-06-15
Zoho,ML Engineer,Interview,2025-08-21
Deloitte,Data Analyst,Rejected,2026-03-07
IBM,Backend Developer,Rejected,2025-02-12
Accenture,SDE Intern,Rejected,2025-10-13
Microsoft,Backend Developer,OA Cleared,2025-03-18
Amazon,Cloud Engineer,OA Cleared,2025-05-27
Oracle,Data Analyst,Interview,2026-01-26
Accenture,ML Engineer,OA Cleared,2025-12-14
TCS,ML Engineer,Interview,2025-10-10
Wipro,ML Engineer,Selected,2025-07-30
Wipro,Cloud Engineer,Interview,2026-02-17
IBM,Data Analyst,Applied,2026-04-13
IBM,DevOps Engineer,Rejected,2025-08-16
Accenture,DevOps Engineer,Rejected,2025-12-23
IBM,SDE Intern,Interview,2025-01-23
Amazon,Software Engineer,Rejected,2025-08-03
Capgemini,Cloud Engineer,Interview,2025-03-25
HCL,Data Analyst,Selected,2026-05-07
IBM,SDE Intern,Selected,2025-07-21
Cognizant,DevOps Engineer,OA Cleared,2026-05-07
Tech Mahindra,SDE Intern,OA Cleared,2025-08-20
Amazon,Cloud Engineer,Rejected,2025-11-07
IBM,Data Analyst,Selected,2026-02-07
Capgemini,ML Engineer,Rejected,2026-01-25
Accenture,Frontend Developer,Applied,2025-05-01
Infosys,ML Engineer,OA Cleared,2025-12-31
Zoho,Cloud Engineer,Selected,2025-03-07
Google,Cloud Engineer,Interview,2025-06-16
Infosys,SDE Intern,Applied,2025-12-03
Wipro,Frontend Developer,Selected,2025-08-23
HCL,Software Engineer,Selected,2025-01-19
Tech Mahindra,Software Engineer,Selected,2025-05-08
Wipro,Frontend Developer,Rejected,2026-04-07
Microsoft,Cloud Engineer,Selected,2025-07-29
Tech Mahindra,Software Engineer,Interview,2026-01-28
Oracle,DevOps Engineer,OA Cleared,2025-01-01
Infosys,Backend Developer,Rejected,2025-12-21
Wipro,Backend Developer,Rejected,2025-05-16
Accenture,Data Analyst,Rejected,2025-09-12
Amazon,Data Analyst,Selected,2025-02-09
Microsoft,ML Engineer,Interview,2025-09-08
Infosys,ML Engineer,Selected,2025-05-19
IBM,Cloud Engineer,Rejected,2025-09-11
Oracle,ML Engineer,Interview,2026-02-12
Google,Backend Developer,Interview,2026-04-28
Deloitte,Backend Developer,Rejected,2025-04-11
Deloitte,ML Engineer,Rejected,2025-06-07
Wipro,ML Engineer,Interview,2026-04-03
Tech Mahindra,ML Engineer,Applied,2026-02-17
Capgemini,Data Analyst,Interview,2025-10-14
Cognizant,Data Analyst,Selected,2025-11-07
Oracle,Data Analyst,Selected,2025-12-19
Cognizant,Cloud Engineer,Rejected,2026-03-27
Capgemini,Backend Developer,Interview,2025-12-13
Wipro,Cloud Engineer,Interview,2025-08-30
HCL,DevOps Engineer,Interview,2025-11-12
Capgemini,DevOps Engineer,Rejected,2025-06-15
Cognizant,ML Engineer,Interview,2025-10-18
Capgemini,Frontend Developer,Selected,2025-02-14
Deloitte,Software Engineer,Selected,2025-11-30
Infosys,Backend Developer,OA Cleared,2025-02-04
Oracle,ML Engineer,OA Cleared,2025-03-31
Zoho,Cloud Engineer,Selected,2025-03-22
Infosys,Frontend Developer,Rejected,2026-05-15
HCL,SDE Intern,Applied,2025-11-18
Amazon,ML Engineer,Selected,2026-04-03
Infosys,DevOps Engineer,Selected,2025-11-07
Microsoft,Frontend Developer,Interview,2025-03-20
HCL,DevOps Engineer,Selected,2025-07-29
IBM,Data Analyst,Rejected,2025-08-11
Deloitte,Frontend Developer,Interview,2025-11-08
IBM,ML Engineer,OA Cleared,2025-09-08
Tech Mahindra,SDE Intern,Rejected,2025-04-27
Amazon,ML Engineer,Interview,2026-03-04
Oracle,Frontend Developer,OA Cleared,2025-12-04
Cognizant,ML Engineer,Interview,2025-08-18
Google,Frontend Developer,Selected,2025-07-09
Google,Frontend Developer,Selected,2025-12-10
Wipro,Backend Developer,Interview,2026-01-21
Deloitte,SDE Intern,Interview,2025-08-22
Tech Mahindra,Data Analyst,Interview,2026-03-23
Accenture,Backend Developer,Applied,2025-11-15
Cognizant,SDE Intern,Interview,2025-05-04
Google,Data Analyst,Interview,2025-12-09
Zoho,Backend Developer,Rejected,2025-11-25
Accenture,ML Engineer,Rejected,2025-07-08
Zoho,Frontend Developer,Selected,2025-06-03
TCS,SDE Intern,Selected,2025-02-09
HCL,Software Engineer,Selected,2025-05-04
Amazon,Cloud Engineer,Interview,2025-07-01
HCL,ML Engineer,Interview,2025-01-22
Deloitte,Software Engineer,Rejected,2026-02-06
Capgemini,Software Engineer,Rejected,2026-02-23
Infosys,Software Engineer,Rejected,2025-09-09
Zoho,ML Engineer,OA Cleared,2025-08-20
Amazon,Cloud Engineer,Rejected,2025-04-19
Tech Mahindra,Frontend Developer,Rejected,2026-02-25
Wipro,Software Engineer,Selected,2026-02-24
Deloitte,ML Engineer,Applied,2025-09-10
Deloitte,DevOps Engineer,Interview,2025-09-10
Capgemini,SDE Intern,Selected,2026-02-04
Deloitte,Backend Developer,Interview,2025-08-03
Cognizant,Backend Developer,Interview,2025-03-11
Deloitte,ML Engineer,Applied,2025-12-26
Deloitte,Cloud Engineer,Selected,2025-11-06
HCL,DevOps Engineer,Selected,2025-02-21
Google,Software Engineer,Interview,2026-01-12
Accenture,Backend Developer,OA Cleared,2026-01-20
Google,Backend Developer,OA Cleared,2026-05-01
Infosys,Data Analyst,OA Cleared,2025-05-22
HCL,ML Engineer,Applied,2025-08-12
Cognizant,SDE Intern,Applied,2025-08-26
Microsoft,SDE Intern,Interview,2025-08-31
Microsoft,ML Engineer,Applied,2025-04-24
Infosys,Backend Developer,OA Cleared,2026-03-21
TCS,Data Analyst,Selected,2025-04-06
Zoho,ML Engineer,OA Cleared,2026-03-06
Infosys,ML Engineer,Selected,2025-08-04
Microsoft,DevOps Engineer,OA Cleared,2025-02-22
Wipro,SDE Intern,Rejected,2025-08-09
TCS,Software Engineer,Selected,2026-03-06
Oracle,Cloud Engineer,Rejected,2025-06-28
IBM,Cloud Engineer,Rejected,2025-07-16
Google,Frontend Developer,OA Cleared,2025-12-06
Oracle,Data Analyst,Interview,2025-08-03
Capgemini,DevOps Engineer,OA Cleared,2026-01-31
HCL,SDE Intern,OA Cleared,2025-02-17
IBM,DevOps Engineer,Applied,2026-04-06
IBM,Cloud Engineer,Interview,2025-12-16
HCL,SDE Intern,Applied,2025-04-04
Cognizant,Data Analyst,Selected,2025-06-08
HCL,DevOps Engineer,Selected,2026-03-09
HCL,Software Engineer,OA Cleared,2025-05-20
Zoho,ML Engineer,Selected,2025-02-13
Google,Software Engineer,Applied,2025-10-25
HCL,Backend Developer,Selected,2025-10-23
Zoho,ML Engineer,Rejected,2025-03-17
Zoho,DevOps Engineer,Selected,2026-02-26
Accenture,Software Engineer,Rejected,2026-01-04
Capgemini,Cloud Engineer,Rejected,2025-05-05
Accenture,SDE Intern,Applied,2026-03-20
Zoho,Backend Developer,Rejected,2026-02-05
Microsoft,Frontend Developer,OA Cleared,2026-01-15
HCL,DevOps Engineer,Applied,2025-05-29
Cognizant,Software Engineer,Rejected,2025-10-09
Microsoft,Frontend Developer,Selected,2025-02-11
Cognizant,Frontend Developer,Applied,2025-01-03
TCS,ML Engineer,Rejected,2025-02-24
Zoho,Software Engineer,Rejected,2025-04-27
Cognizant,Data Analyst,Selected,2025-09-14
Tech Mahindra,Frontend Developer,Rejected,2025-03-24
Tech Mahindra,Backend Developer,Selected,2025-12-02
Google,Software Engineer,Selected,2026-05-05
HCL,SDE Intern,Rejected,2025-09-07
TCS,DevOps Engineer,Applied,2025-06-27
Cognizant,Software Engineer,Selected,2026-05-09
Microsoft,Data Analyst,Applied,2025-01-03
Cognizant,DevOps Engineer,Applied,2025-04-09
Zoho,Frontend Developer,OA Cleared,2025-04-17
Oracle,SDE Intern,Rejected,2026-01-28
Microsoft,Frontend Developer,Interview,2025-03-19
Zoho,DevOps Engineer,Rejected,2026-02-08
Wipro,DevOps Engineer,Applied,2025-02-26
IBM,Backend Developer,Interview,2025-08-01
Capgemini,Cloud Engineer,OA Cleared,2025-12-01
Wipro,Software Engineer,Applied,2025-04-19
Cognizant,ML Engineer,OA Cleared,2025-10-01
Tech Mahindra,Software Engineer,OA Cleared,2025-05-21
Cognizant,Cloud Engineer,Rejected,2025-06-10
Infosys,ML Engineer,Rejected,2025-10-11
Oracle,DevOps Engineer,Rejected,2025-11-16
Amazon,Frontend Developer,Selected,2025-11-12
Tech Mahindra,Data Analyst,OA Cleared,2025-05-31
HCL,DevOps Engineer,Applied,2025-12-12
Google,DevOps Engineer,Applied,2026-02-15
Oracle,ML Engineer,Interview,2025-10-05
Zoho,DevOps Engineer,Selected,2026-02-12
TCS,Backend Developer,Interview,2026-04-14
Deloitte,Data Analyst,Applied,2025-09-28
Infosys,Cloud Engineer,Applied,2025-09-12
Google,Frontend Developer,Interview,2025-04-06
IBM,SDE Intern,OA Cleared,2026-04-13
Amazon,Backend Developer,Interview,2026-01-29
HCL,Software Engineer,Selected,2026-05-04
Amazon,Frontend Developer,Rejected,2026-03-06
Infosys,Backend Developer,OA Cleared,2025-03-12
Zoho,DevOps Engineer,Selected,2025-05-17
Oracle,Software Engineer,Interview,2025-09-27
Infosys,Frontend Developer,Interview,2025-02-19
Oracle,Cloud Engineer,Rejected,2025-06-24
Wipro,Data Analyst,Applied,2026-02-27
Oracle,Frontend Developer,OA Cleared,2025-07-27
Tech Mahindra,DevOps Engineer,Interview,2025-07-03
Accenture,Backend Developer,Applied,2026-02-10
Deloitte,SDE Intern,Applied,2025-11-19
Amazon,Software Engineer,Interview,2025-10-17
Microsoft,ML Engineer,Interview,2025-03-29
Amazon,SDE Intern,Selected,2025-08-19
Wipro,DevOps Engineer,Applied,2025-05-10
HCL,Frontend Developer,Interview,2025-09-06
Deloitte,Backend Developer,Selected,2025-05-27
Deloitte,Backend Developer,OA Cleared,2026-05-01
Infosys,Data Analyst,Selected,2026-03-31
Cognizant,SDE Intern,Applied,2026-04-17
TCS,DevOps Engineer,Selected,2026-04-09
IBM,Cloud Engineer,OA Cleared,2025-11-18
Infosys,Frontend Developer,OA Cleared,2025-02-28
TCS,Data Analyst,Interview,2025-03-30
Deloitte,DevOps Engineer,Applied,2025-09-11
Wipro,Data Analyst,Rejected,2025-11-11
Deloitte,SDE Intern,Interview,2025-07-31
Accenture,Frontend Developer,Rejected,2025-11-07
Google,SDE Intern,OA Cleared,2025-08-10
Microsoft,Data Analyst,Applied,2025-10-25
Accenture,DevOps Engineer,Interview,2025-01-20
Tech Mahindra,Backend Developer,Selected,2025-12-20
Google,Data Analyst,OA Cleared,2026-01-20
Wipro,Frontend Developer,Rejected,2025-11-28
Wipro,ML Engineer,Selected,2025-12-28
IBM,DevOps Engineer,OA Cleared,2025-06-08
Zoho,Software Engineer,Selected,2025-11-19
HCL,Frontend Developer,Applied,2025-11-19
TCS,Cloud Engineer,Applied,2025-12-25
HCL,Software Engineer,Applied,2026-01-07
Oracle,Frontend Developer,Interview,2026-02-02
IBM,ML Engineer,Applied,2025-06-29
Amazon,DevOps Engineer,Selected,2025-07-04
Accenture,DevOps Engineer,Selected,2025-05-14
Microsoft,Cloud Engineer,Interview,2025-07-14
IBM,Data Analyst,Applied,2025-11-02
Infosys,DevOps Engineer,Interview,2025-05-06
Infosys,Frontend Developer,OA Cleared,2026-02-17
TCS,ML Engineer,Interview,2025-07-08
Infosys,Data Analyst,Selected,2025-05-02
Capgemini,Cloud Engineer,Interview,2025-04-23
Oracle,Backend Developer,Interview,2025-10-02
IBM,DevOps Engineer,Rejected,2025-10-16
IBM,Backend Developer,Selected,2026-01-08
IBM,Software Engineer,Selected,2025-12-12
Zoho,Frontend Developer,Applied,2025-03-04
Infosys,Software Engineer,OA Cleared,2025-03-09
Infosys,SDE Intern,OA Cleared,2026-02-25
TCS,DevOps Engineer,OA Cleared,2025-03-08
HCL,Frontend Developer,Applied,2025-12-11
TCS,DevOps Engineer,OA Cleared,2025-12-30
Oracle,Software Engineer,Selected,2025-04-05
Tech Mahindra,Backend Developer,Interview,2025-09-09
Deloitte,Frontend Developer,Interview,2025-12-02
Amazon,Software Engineer,OA Cleared,2025-07-05
TCS,SDE Intern,Applied,2025-05-05
Oracle,Cloud Engineer,Rejected,2025-11-09
Accenture,Frontend Developer,Interview,2025-12-13
Amazon,Cloud Engineer,Selected,2025-01-15
Capgemini,DevOps Engineer,Applied,2025-06-10
Amazon,ML Engineer,Rejected,2025-06-20
Wipro,Frontend Developer,Interview,2026-02-11
Microsoft,Software Engineer,Interview,2025-05-12
Zoho,DevOps Engineer,Interview,2026-04-02
IBM,Cloud Engineer,Selected,2025-10-09
Tech Mahindra,Cloud Engineer,OA Cleared,2026-03-16
Microsoft,Data Analyst,Interview,2026-03-18
IBM,Frontend Developer,Interview,2025-11-30
Cognizant,Backend Developer,Interview,2025-11-26
Infosys,DevOps Engineer,Rejected,2025-09-09
IBM,SDE Intern,Applied,2025-05-22
Oracle,Cloud Engineer,Applied,2025-12-27
Tech Mahindra,DevOps Engineer,Interview,2025-06-12
Tech Mahindra,ML Engineer,Selected,2026-01-27
Tech Mahindra,ML Engineer,Applied,2026-02-15
HCL,Data Analyst,Selected,2025-12-15
Cognizant,Frontend Developer,Selected,2025-08-24
TCS,Backend Developer,Rejected,2025-07-14
Zoho,ML Engineer,Applied,2025-06-17
Google,SDE Intern,Selected,2025-05-14
Accenture,ML Engineer,Applied,2025-01-03
HCL,Backend Developer,OA Cleared,2026-01-22
Deloitte,DevOps Engineer,Rejected,2025-10-26
TCS,SDE Intern,Rejected,2025-12-10
Wipro,Backend Developer,Selected,2025-10-22
Wipro,DevOps Engineer,Applied,2025-06-12
Deloitte,SDE Intern,OA Cleared,2025-10-16
Amazon,DevOps Engineer,Interview,2025-02-20
Amazon,ML Engineer,Applied,2026-04-12
IBM,Software Engineer,Interview,2026-02-10
Wipro,Cloud Engineer,Rejected,2026-03-15
Deloitte,Frontend Developer,OA Cleared,2026-04-17
Microsoft,SDE Intern,OA Cleared,2025-08-08
Deloitte,Software Engineer,Applied,2025-11-18
IBM,SDE Intern,Selected,2025-12-15
Google,ML Engineer,OA Cleared,2025-02-06
Accenture,DevOps Engineer,OA Cleared,2025-06-19
IBM,Frontend Developer,Selected,2026-04-19
Google,Frontend Developer,Rejected,2025-09-21
Capgemini,Cloud Engineer,Interview,2025-08-20
Microsoft,DevOps Engineer,Applied,2025-03-03
Deloitte,Software Engineer,Rejected,2025-05-18
Zoho,Frontend Developer,OA Cleared,2025-09-19
IBM,Software Engineer,Rejected,2025-04-18
Infosys,SDE Intern,Rejected,2025-06-28
Accenture,SDE Intern,Selected,2025-01-02
IBM,Backend Developer,OA Cleared,2025-10-04
HCL,Software Engineer,OA Cleared,2025-03-30
Microsoft,SDE Intern,Applied,2025-03-30
Oracle,ML Engineer,Interview,2025-03-08
IBM,SDE Intern,Rejected,2025-06-30
TCS,SDE Intern,Applied,2026-02-19
Oracle,Backend Developer,OA Cleared,2025-11-09
Google,Cloud Engineer,Selected,2025-05-02
Wipro,ML Engineer,Selected,2025-08-02
Wipro,Backend Developer,Interview,2025-10-07
TCS,ML Engineer,Selected,2025-08-08
Deloitte,SDE Intern,Interview,2026-01-09
Cognizant,SDE Intern,Applied,2026-01-29
IBM,Backend Developer,Rejected,2025-01-01
Oracle,Frontend Developer,OA Cleared,2025-11-28
IBM,DevOps Engineer,Applied,2025-01-29
Cognizant,ML Engineer,Interview,2025-04-23
Tech Mahindra,Frontend Developer,OA Cleared,2026-01-16
Cognizant,SDE Intern,Rejected,2026-01-05
Deloitte,SDE Intern,Interview,2025-03-14
Tech Mahindra,Frontend Developer,Rejected,2025-03-23
HCL,Data Analyst,Interview,2026-03-17
Tech Mahindra,Cloud Engineer,Interview,2025-02-17
Cognizant,ML Engineer,Rejected,2025-10-11
TCS,Data Analyst,OA Cleared,2026-05-08
Infosys,SDE Intern,OA Cleared,2025-07-20
Cognizant,Cloud Engineer,Selected,2025-01-03
Google,Backend Developer,Interview,2025-06-30
Zoho,Backend Developer,Applied,2025-02-12
Cognizant,SDE Intern,OA Cleared,2025-07-28
HCL,Software Engineer,OA Cleared,2025-01-18
IBM,Software Engineer,Interview,2025-01-18
Amazon,SDE Intern,Selected,2026-02-13
Microsoft,Frontend Developer,Applied,2025-07-29
Oracle,SDE Intern,Interview,2026-02-26
Infosys,Frontend Developer,Interview,2025-05-01
Infosys,DevOps Engineer,Rejected,2025-05-01
Capgemini,Cloud Engineer,Rejected,2025-02-07
Amazon,ML Engineer,Rejected,2025-10-15
Infosys,Frontend Developer,Interview,2026-04-14
Accenture,Software Engineer,Rejected,2026-04-03
Google,ML Engineer,Interview,2025-12-27
Amazon,ML Engineer,Interview,2026-04-17
Microsoft,DevOps Engineer,Interview,2025-10-02
Google,Data Analyst,OA Cleared,2025-05-23
Capgemini,ML Engineer,Applied,2025-03-31
IBM,ML Engineer,Interview,2025-12-17
TCS,Software Engineer,OA Cleared,2025-02-19
IBM,DevOps Engineer,OA Cleared,2025-02-16
Amazon,Frontend Developer,Applied,2025-07-12
Microsoft,Backend Developer,Selected,2025-08-16
Capgemini,DevOps Engineer,Interview,2025-01-01
TCS,ML Engineer,Applied,2025-07-12
Accenture,ML Engineer,OA Cleared,2026-01-24
Infosys,Cloud Engineer,Applied,2025-11-05
Infosys,Backend Developer,OA Cleared,2025-05-28
Zoho,Software Engineer,OA Cleared,2025-10-30
Oracle,Backend Developer,Rejected,2025-12-28
Deloitte,Data Analyst,Rejected,2025-08-01
Deloitte,Software Engineer,Interview,2025-04-13
Zoho,ML Engineer,Interview,2025-07-20
Zoho,SDE Intern,Rejected,2025-11-06
Cognizant,ML Engineer,Selected,2025-06-09
TCS,DevOps Engineer,Applied,2025-04-17
Cognizant,Cloud Engineer,Selected,2025-10-20
Oracle,Cloud Engineer,Selected,2025-05-23
Google,Frontend Developer,Selected,2025-11-13
Google,Cloud Engineer,Rejected,2026-03-09
Zoho,DevOps Engineer,Interview,2025-06-18
Deloitte,Software Engineer,Selected,2025-04-10
IBM,ML Engineer,Selected,2025-08-18
Google,SDE Intern,Applied,2025-11-16
Oracle,Cloud Engineer,Rejected,2025-07-03
Wipro,Backend Developer,Applied,2025-04-20
Tech Mahindra,SDE Intern,Selected,2025-01-06
Microsoft,ML Engineer,OA Cleared,2026-04-01
Oracle,Cloud Engineer,Selected,2025-07-09
Oracle,Backend Developer,Interview,2025-02-08
Wipro,Cloud Engineer,Rejected,2025-03-10
IBM,ML Engineer,Selected,2026-04-12
Deloitte,Data Analyst,Applied,2025-02-03
Tech Mahindra,Software Engineer,Rejected,2025-03-27
Amazon,Data Analyst,Interview,2025-04-16
Zoho,Frontend Developer,Applied,2025-07-23
HCL,Data Analyst,Selected,2025-05-24
Deloitte,Data Analyst,Selected,2025-09-02
Microsoft,SDE Intern,Rejected,2025-11-28
Cognizant,DevOps Engineer,OA Cleared,2025-03-11
Deloitte,Backend Developer,Rejected,2026-01-31
Capgemini,Cloud Engineer,Rejected,2025-03-29
Wipro,DevOps Engineer,Rejected,2026-02-05
Amazon,Data Analyst,Applied,2025-01-16
Cognizant,Data Analyst,Interview,2026-04-05
Wipro,SDE Intern,Rejected,2026-01-21
TCS,Frontend Developer,Rejected,2026-01-02
Microsoft,Frontend Developer,Selected,2025-07-31
Microsoft,DevOps Engineer,Applied,2025-01-05
Oracle,SDE Intern,Selected,2026-05-02
Tech Mahindra,DevOps Engineer,Rejected,2025-11-04
Zoho,Backend Developer,OA Cleared,2026-02-05
TCS,Cloud Engineer,Selected,2025-02-13
Microsoft,SDE Intern,Interview,2025-12-09
IBM,DevOps Engineer,OA Cleared,2025-01-06
Google,Backend Developer,Applied,2025-11-28
Microsoft,Frontend Developer,Interview,2025-01-24
Zoho,Frontend Developer,Interview,2026-05-12
Deloitte,ML Engineer,Rejected,2025-02-10
HCL,DevOps Engineer,Applied,2025-09-19
IBM,ML Engineer,OA Cleared,2025-06-19
Tech Mahindra,DevOps Engineer,Interview,2025-05-04
Zoho,Cloud Engineer,OA Cleared,2025-09-09
Infosys,SDE Intern,Interview,2025-12-01
Tech Mahindra,ML Engineer,Interview,2025-11-09
TCS,ML Engineer,Rejected,2025-04-02
Amazon,ML Engineer,Interview,2026-05-07
Zoho,Cloud Engineer,Applied,2025-07-05
Capgemini,ML Engineer,Rejected,2025-09-13
TCS,ML Engineer,Interview,2025-06-05
Accenture,Frontend Developer,Applied,2025-04-02
Capgemini,Frontend Developer,OA Cleared,2025-02-01
Wipro,Backend Developer,Interview,2025-10-21
Microsoft,Frontend Developer,Selected,2026-04-19
Tech Mahindra,Software Engineer,Rejected,2025-04-27
Zoho,Data Analyst,Applied,2025-06-27
Amazon,ML Engineer,Applied,2025-07-01
Tech Mahindra,Software Engineer,OA Cleared,2025-01-13
Amazon,Cloud Engineer,Selected,2025-08-29
Amazon,SDE Intern,Interview,2025-04-04
Google,ML Engineer,Interview,2025-05-28
Accenture,Backend Developer,Applied,2026-02-18
Infosys,Software Engineer,Interview,2026-04-06
Tech Mahindra,Backend Developer,Applied,2025-12-05
Oracle,Cloud Engineer,Applied,2025-12-23
IBM,Cloud Engineer,OA Cleared,2025-03-18
Microsoft,SDE Intern,OA Cleared,2026-03-14
Cognizant,Frontend Developer,Selected,2025-01-25
Infosys,Software Engineer,OA Cleared,2025-04-09
Microsoft,Backend Developer,Applied,2026-05-02
Cognizant,ML Engineer,OA Cleared,2026-01-15
Oracle,SDE Intern,Applied,2026-03-23
TCS,Frontend Developer,Rejected,2026-04-27
Amazon,Software Engineer,Applied,2026-04-13
HCL,SDE Intern,Selected,2025-05-12
Capgemini,Backend Developer,Selected,2026-03-07
Google,SDE Intern,Rejected,2025-03-05
Accenture,SDE Intern,OA Cleared,2025-04-25
TCS,DevOps Engineer,Selected,2025-09-08
Wipro,Frontend Developer,Applied,2025-03-20
TCS,ML Engineer,Rejected,2025-01-10
Capgemini,Backend Developer,Rejected,2026-01-24
Capgemini,SDE Intern,OA Cleared,2025-09-09
Google,Software Engineer,Selected,2025-08-30
Accenture,Software Engineer,OA Cleared,2025-11-30
Deloitte,SDE Intern,OA Cleared,2025-11-16
Tech Mahindra,Backend Developer,Rejected,2025-04-01
HCL,Backend Developer,Selected,2025-04-09
HCL,ML Engineer,Applied,2025-03-12
Accenture,ML Engineer,OA Cleared,2025-05-11
Deloitte,ML Engineer,Rejected,2025-01-24
Zoho,Frontend Developer,Rejected,2025-03-12
Amazon,ML Engineer,Applied,2025-05-15
Oracle,ML Engineer,Applied,2025-01-09
Zoho,SDE Intern,OA Cleared,2025-05-16
Capgemini,Backend Developer,Rejected,2025-11-27
Oracle,Frontend Developer,Interview,2025-05-24
Accenture,DevOps Engineer,Rejected,2025-03-30
Capgemini,Data Analyst,Applied,2025-08-12
IBM,Frontend Developer,Rejected,2025-08-04
Oracle,Software Engineer,Selected,2026-03-26
Amazon,ML Engineer,Interview,2025-03-30
Accenture,DevOps Engineer,OA Cleared,2025-09-02
Amazon,Backend Developer,Rejected,2025-09-19
Zoho,ML Engineer,Interview,2025-12-12
Amazon,Frontend Developer,Rejected,2026-04-18
Oracle,Cloud Engineer,OA Cleared,2025-01-21
Microsoft,ML Engineer,OA Cleared,2025-01-23
Google,SDE Intern,Selected,2025-04-22
HCL,Frontend Developer,Rejected,2025-03-03
Wipro,Backend Developer,Rejected,2025-01-03
Capgemini,DevOps Engineer,Rejected,2026-04-23
HCL,Frontend Developer,Interview,2025-08-13
Oracle,SDE Intern,Rejected,2026-03-31
Deloitte,SDE Intern,OA Cleared,2025-03-22
Google,Data Analyst,Interview,2025-10-25
Amazon,Backend Developer,Rejected,2026-02-14
HCL,Data Analyst,Interview,2025-07-18
Zoho,Frontend Developer,Applied,2025-05-06
Wipro,SDE Intern,Applied,2025-11-17
Zoho,Backend Developer,OA Cleared,2025-06-05
Oracle,Backend Developer,Selected,2025-12-18
TCS,SDE Intern,Applied,2025-06-04
Deloitte,Software Engineer,Interview,2025-12-17
Deloitte,Backend Developer,OA Cleared,2025-10-28
Zoho,Software Engineer,Selected,2025-09-15
IBM,Data Analyst,Rejected,2025-03-01
Zoho,DevOps Engineer,Rejected,2025-02-27
Microsoft,Cloud Engineer,Interview,2026-04-23
Amazon,DevOps Engineer,OA Cleared,2026-04-02
HCL,ML Engineer,Interview,2025-04-08
Oracle,Frontend Developer,Selected,2025-12-03
Cognizant,ML Engineer,OA Cleared,2025-06-02
Google,Software Engineer,Rejected,2025-10-05
IBM,Software Engineer,Applied,2025-08-15
Zoho,Cloud Engineer,Selected,2025-04-12
Zoho,Cloud Engineer,Selected,2025-10-15
TCS,DevOps Engineer,Interview,2025-05-05
Zoho,ML Engineer,Applied,2025-07-08
Accenture,Software Engineer,Rejected,2025-12-19
Tech Mahindra,SDE Intern,Rejected,2025-03-14
Google,SDE Intern,Selected,2026-05-13
Capgemini,SDE Intern,Selected,2025-03-12
Google,Data Analyst,Rejected,2025-02-27
Capgemini,ML Engineer,Interview,2025-11-28
Microsoft,Frontend Developer,Applied,2025-10-07
Zoho,Software Engineer,Interview,2026-03-06
Oracle,Software Engineer,Interview,2025-11-21
IBM,Frontend Developer,Applied,2025-03-07
Tech Mahindra,Backend Developer,OA Cleared,2025-11-03
Tech Mahindra,Cloud Engineer,Interview,2025-03-20
TCS,Data Analyst,Rejected,2026-04-27
Capgemini,SDE Intern,OA Cleared,2025-05-18
Google,SDE Intern,OA Cleared,2025-04-09
Oracle,DevOps Engineer,Interview,2025-03-10
IBM,Software Engineer,Applied,2025-11-11
Microsoft,Frontend Developer,Rejected,2025-12-08
IBM,Backend Developer,Selected,2025-05-30
Cognizant,Backend Developer,Applied,2026-02-13
Deloitte,Backend Developer,OA Cleared,2025-02-16
Accenture,Cloud Engineer,Applied,2025-10-24
Amazon,Data Analyst,OA Cleared,2025-11-16
HCL,Frontend Developer,Selected,2025-10-01
Oracle,DevOps Engineer,OA Cleared,2025-04-01
Accenture,DevOps Engineer,Applied,2026-01-21
Zoho,Backend Developer,Interview,2026-01-06
Google,ML Engineer,Selected,2025-09-14
Oracle,SDE Intern,Interview,2025-09-19
Cognizant,ML Engineer,Interview,2025-12-14
IBM,Data Analyst,Rejected,2026-05-12
Wipro,Backend Developer,Applied,2025-02-23
Wipro,DevOps Engineer,Selected,2026-04-29
TCS,Backend Developer,Interview,2025-08-12
Capgemini,Data Analyst,Rejected,2025-12-18
Deloitte,Frontend Developer,Rejected,2025-04-08
Zoho,ML Engineer,Selected,2025-08-04
Zoho,Cloud Engineer,Rejected,2026-04-18
Amazon,Data Analyst,Rejected,2025-10-04
Microsoft,Backend Developer,Applied,2026-01-04
Oracle,Backend Developer,OA Cleared,2025-10-29
Google,DevOps Engineer,Interview,2025-06-23
Google,Software Engineer,OA Cleared,2025-07-22
Infosys,DevOps Engineer,Selected,2026-02-27
Accenture,DevOps Engineer,Rejected,2025-08-16
Microsoft,Cloud Engineer,OA Cleared,2026-01-15
Deloitte,Data Analyst,Applied,2025-06-14
Microsoft,Cloud Engineer,Selected,2025-01-05
Infosys,Software Engineer,Interview,2025-01-02
Microsoft,Frontend Developer,OA Cleared,2025-05-05
Amazon,Backend Developer,Rejected,2025-08-09
Amazon,ML Engineer,Interview,2026-04-29
Tech Mahindra,DevOps Engineer,OA Cleared,2025-09-01
Zoho,SDE Intern,Rejected,2026-05-06
Infosys,Data Analyst,Interview,2025-06-30
Deloitte,Backend Developer,Rejected,2026-04-17
Deloitte,Cloud Engineer,Interview,2026-04-14
Infosys,SDE Intern,OA Cleared,2025-02-09
HCL,ML Engineer,Interview,2025-10-06
Cognizant,SDE Intern,OA Cleared,2025-07-16
Zoho,Software Engineer,Rejected,2026-03-19
Tech Mahindra,ML Engineer,Selected,2025-07-19
Infosys,Software Engineer,Selected,2025-09-23
Infosys,Frontend Developer,Interview,2025-08-26
Accenture,Backend Developer,OA Cleared,2026-03-10
Google,Cloud Engineer,OA Cleared,2025-07-03
Wipro,Frontend Developer,Interview,2026-05-11
Cognizant,Software Engineer,Interview,2025-02-13
Infosys,Backend Developer,Interview,2025-09-29
Capgemini,DevOps Engineer,Interview,2025-07-02
Tech Mahindra,ML Engineer,Applied,2025-03-14
Google,DevOps Engineer,OA Cleared,2025-10-02
Microsoft,Frontend Developer,Applied,2025-10-12
TCS,Cloud Engineer,Interview,2026-04-07
Google,Data Analyst,Rejected,2025-12-11
HCL,ML Engineer,Rejected,2025-08-19
Infosys,Backend Developer,OA Cleared,2025-01-17
Amazon,Software Engineer,Interview,2026-02-14
Wipro,SDE Intern,Applied,2025-06-09
Accenture,ML Engineer,OA Cleared,2025-09-25
Wipro,Software Engineer,Selected,2025-07-16
Infosys,Data Analyst,Applied,2025-05-11
Google,Frontend Developer,Interview,2025-06-11
Zoho,Data Analyst,Applied,2025-11-18
Accenture,Software Engineer,Interview,2026-03-23
Infosys,Backend Developer,OA Cleared,2025-10-23
Cognizant,Frontend Developer,OA Cleared,2025-03-13
Infosys,DevOps Engineer,Selected,2025-07-14
HCL,SDE Intern,Rejected,2025-09-11
Oracle,Software Engineer,Applied,2025-05-27
Accenture,DevOps Engineer,Selected,2026-02-14
HCL,Cloud Engineer,OA Cleared,2025-01-28
Amazon,Cloud Engineer,Applied,2025-12-16
TCS,Software Engineer,Interview,2025-10-15
Amazon,Software Engineer,Rejected,2026-03-16
IBM,Cloud Engineer,Applied,2025-03-18
Amazon,DevOps Engineer,Interview,2026-04-15
Wipro,Data Analyst,Applied,2025-03-17
Tech Mahindra,Cloud Engineer,Selected,2025-04-09
Accenture,ML Engineer,Interview,2025-03-04
Deloitte,Cloud Engineer,Rejected,2025-01-08
Zoho,Frontend Developer,Interview,2026-02-14
Amazon,ML Engineer,Interview,2025-07-13
Accenture,Backend Developer,OA Cleared,2025-09-10
Amazon,Data Analyst,Rejected,2025-03-28
Zoho,Software Engineer,Rejected,2025-02-24
Cognizant,Data Analyst,Applied,2025-11-19
Capgemini,Backend Developer,OA Cleared,2025-11-10
IBM,ML Engineer,Selected,2025-02-27
Zoho,Frontend Developer,Selected,2025-11-12
IBM,Frontend Developer,Selected,2026-03-18
Deloitte,Backend Developer,Rejected,2026-04-10
Infosys,Backend Developer,Interview,2025-08-19
Zoho,Cloud Engineer,Rejected,2025-03-09
Cognizant,Backend Developer,Applied,2025-03-27
Wipro,Software Engineer,Applied,2025-08-11
HCL,Backend Developer,Interview,2025-01-20
Microsoft,DevOps Engineer,Applied,2025-03-03
Cognizant,Frontend Developer,Rejected,2025-03-15
Tech Mahindra,ML Engineer,Rejected,2025-01-24
Amazon,Software Engineer,Selected,2025-03-20
Zoho,Backend Developer,Applied,2026-03-25
Accenture,Software Engineer,OA Cleared,2025-08-24
Oracle,Backend Developer,Applied,2026-01-17
IBM,Backend Developer,Interview,2025-12-05
Microsoft,SDE Intern,Applied,2025-08-06
Amazon,SDE Intern,Selected,2025-03-22
Capgemini,ML Engineer,OA Cleared,2026-04-22
Amazon,ML Engineer,OA Cleared,2025-09-29
Microsoft,DevOps Engineer,Interview,2026-01-12
Capgemini,SDE Intern,Selected,2025-12-30
TCS,SDE Intern,Rejected,2026-03-24
Amazon,SDE Intern,OA Cleared,2025-12-02
Oracle,DevOps Engineer,Applied,2026-04-19
Tech Mahindra,SDE Intern,Rejected,2025-06-01
Deloitte,SDE Intern,Rejected,2025-11-05
Capgemini,SDE Intern,Rejected,2025-06-06
Google,SDE Intern,Selected,2025-11-14
Zoho,Data Analyst,Applied,2025-02-18
Accenture,Software Engineer,OA Cleared,2025-04-11
Wipro,DevOps Engineer,Interview,2025-07-20
IBM,SDE Intern,OA Cleared,2025-01-03
Cognizant,Data Analyst,Selected,2026-02-25
Google,Frontend Developer,Rejected,2025-05-14
Cognizant,Frontend Developer,Selected,2025-09-19
Accenture,Software Engineer,Interview,2025-08-16
Cognizant,Data Analyst,Rejected,2025-12-16
Wipro,DevOps Engineer,OA Cleared,2025-07-29
Microsoft,Backend Developer,OA Cleared,2025-01-31
Amazon,Backend Developer,Interview,2026-01-16
Wipro,Backend Developer,OA Cleared,2025-08-08
Deloitte,Frontend Developer,Selected,2026-03-13
Deloitte,Frontend Developer,Applied,2025-11-02
TCS,SDE Intern,Applied,2026-03-08
IBM,Backend Developer,OA Cleared,2025-11-01
Deloitte,Data Analyst,Applied,2025-06-22
Cognizant,Frontend Developer,OA Cleared,2025-10-05
Infosys,Data Analyst,Applied,2026-05-06
Infosys,Cloud Engineer,Selected,2025-12-11
Microsoft,ML Engineer,Rejected,2026-02-11
IBM,Cloud Engineer,Interview,2025-10-14
Tech Mahindra,Software Engineer,Selected,2025-03-23
Tech Mahindra,DevOps Engineer,OA Cleared,2025-12-09
HCL,SDE Intern,Selected,2026-02-13
Tech Mahindra,SDE Intern,OA Cleared,2026-04-20
Amazon,Frontend Developer,Selected,2026-01-24
Deloitte,Backend Developer,Rejected,2025-05-17
Amazon,DevOps Engineer,OA Cleared,2025-11-16
Zoho,Data Analyst,Interview,2025-11-21
IBM,SDE Intern,Selected,2026-03-27
IBM,Cloud Engineer,OA Cleared,2025-01-05
Google,Backend Developer,Selected,2025-04-29
Oracle,Data Analyst,Applied,2025-11-02
Deloitte,SDE Intern,Selected,2026-02-21
HCL,ML Engineer,Rejected,2025-05-25
Cognizant,Cloud Engineer,Applied,2025-01-12
Capgemini,SDE Intern,Interview,2026-01-23
Google,SDE Intern,Interview,2025-04-30
Tech Mahindra,SDE Intern,Rejected,2025-06-22
TCS,Frontend Developer,Selected,2025-04-11
Google,Cloud Engineer,Selected,2026-01-21
Google,SDE Intern,Applied,2025-07-27
Capgemini,Frontend Developer,OA Cleared,2025-01-07
Microsoft,Data Analyst,Rejected,2025-04-05
Zoho,Frontend Developer,OA Cleared,2025-07-14
HCL,ML Engineer,OA Cleared,2026-04-25
Wipro,ML Engineer,Interview,2025-05-15
Capgemini,Software Engineer,Selected,2025-02-02
Infosys,SDE Intern,Interview,2026-04-21
Amazon,DevOps Engineer,Interview,2026-04-13
Amazon,Data Analyst,Selected,2025-11-18
Wipro,SDE Intern,Applied,2025-02-11
Zoho,Frontend Developer,Applied,2025-09-11
Microsoft,Cloud Engineer,Selected,2026-05-07
Oracle,ML Engineer,Rejected,2026-01-04
Infosys,Cloud Engineer,Applied,2025-07-04
Deloitte,Frontend Developer,Selected,2025-12-31
Google,Cloud Engineer,OA Cleared,2025-11-14
Cognizant,ML Engineer,Interview,2026-03-14
IBM,DevOps Engineer,Interview,2025-03-23
Oracle,SDE Intern,Applied,2025-11-02
Tech Mahindra,Backend Developer,Applied,2026-05-16
Accenture,DevOps Engineer,Applied,2025-05-14
HCL,Backend Developer,OA Cleared,2025-05-28
Tech Mahindra,Software Engineer,Interview,2026-02-06
Deloitte,ML Engineer,Interview,2026-01-12
TCS,Software Engineer,OA Cleared,2025-11-12
Wipro,DevOps Engineer,Rejected,2025-05-05
Wipro,Data Analyst,OA Cleared,2025-12-03
Zoho,Data Analyst,Interview,2025-04-26
Amazon,DevOps Engineer,OA Cleared,2025-11-15
Infosys,SDE Intern,Selected,2025-12-19
Wipro,Software Engineer,Interview,2025-12-13
Amazon,Data Analyst,Selected,2025-11-02
Amazon,ML Engineer,Applied,2025-07-23
Wipro,Backend Developer,Selected,2025-06-22
IBM,Frontend Developer,OA Cleared,2025-12-15
Wipro,Frontend Developer,Interview,2025-07-15
IBM,ML Engineer,Selected,2026-01-04
Capgemini,Frontend Developer,Rejected,2025-08-10
Tech Mahindra,Data Analyst,Rejected,2026-03-11
Zoho,SDE Intern,Selected,2026-05-07
Microsoft,SDE Intern,Rejected,2026-02-25
Tech Mahindra,DevOps Engineer,Applied,2025-05-11
Amazon,ML Engineer,Rejected,2025-02-17
IBM,Backend Developer,Interview,2025-07-04
Amazon,Cloud Engineer,Rejected,2025-06-27
Microsoft,Backend Developer,OA Cleared,2025-04-09
HCL,Cloud Engineer,Selected,2026-04-30
HCL,Data Analyst,OA Cleared,2025-09-11
IBM,ML Engineer,Applied,2025-03-22
Infosys,Backend Developer,Rejected,2025-07-22
Tech Mahindra,ML Engineer,Interview,2025-12-27
IBM,Backend Developer,Rejected,2025-01-01
Deloitte,DevOps Engineer,Applied,2025-05-06
Amazon,DevOps Engineer,Interview,2025-04-06
Deloitte,DevOps Engineer,Selected,2025-10-10
Google,Data Analyst,OA Cleared,2025-02-16
Amazon,Data Analyst,OA Cleared,2026-05-02
Zoho,Software Engineer,Interview,2025-03-04
Capgemini,Cloud Engineer,Interview,2025-07-07
Zoho,Backend Developer,Applied,2025-09-23
IBM,SDE Intern,Rejected,2025-09-13
Capgemini,Backend Developer,Interview,2025-07-19
Google,Data Analyst,Interview,2026-04-06
Zoho,Software Engineer,Rejected,2026-03-20
Infosys,Frontend Developer,OA Cleared,2025-09-14
Capgemini,Backend Developer,Rejected,2026-03-29
Oracle,Backend Developer,Selected,2026-02-03
TCS,Frontend Developer,OA Cleared,2026-04-30
Google,Cloud Engineer,Rejected,2025-04-02
HCL,Software Engineer,OA Cleared,2025-02-15
Infosys,Backend Developer,OA Cleared,2026-02-13
Capgemini,Software Engineer,Interview,2026-01-16
IBM,SDE Intern,Interview,2025-07-31
Cognizant,DevOps Engineer,Rejected,2026-01-18
HCL,Cloud Engineer,Selected,2026-05-09
Microsoft,Frontend Developer,Rejected,2026-01-22
Zoho,Data Analyst,Interview,2025-08-26
Wipro,Cloud Engineer,OA Cleared,2025-08-25
Accenture,Software Engineer,OA Cleared,2025-09-12
HCL,Backend Developer,Rejected,2025-03-24
Microsoft,SDE Intern,Applied,2025-11-23
Oracle,Cloud Engineer,Rejected,2025-03-29
Amazon,ML Engineer,Interview,2025-06-11
HCL,Software Engineer,Selected,2026-02-02
Cognizant,Backend Developer,OA Cleared,2026-01-21
HCL,ML Engineer,Applied,2025-06-11
Accenture,Backend Developer,Selected,2025-08-31
Amazon,SDE Intern,Interview,2025-05-27
Amazon,DevOps Engineer,Rejected,2026-01-21
Deloitte,Cloud Engineer,OA Cleared,2025-01-09
Capgemini,Backend Developer,Rejected,2025-02-11
Tech Mahindra,Frontend Developer,Selected,2026-03-12
Oracle,DevOps Engineer,Applied,2025-02-13
Microsoft,DevOps Engineer,Rejected,2025-09-28
Amazon,Data Analyst,Rejected,2025-06-13
Amazon,Software Engineer,Applied,2025-07-19
IBM,Data Analyst,Selected,2026-04-24
Zoho,DevOps Engineer,Applied,2025-06-11
Wipro,Data Analyst,OA Cleared,2025-07-03
IBM,ML Engineer,OA Cleared,2025-02-04
IBM,Software Engineer,Rejected,2025-10-23
Tech Mahindra,Backend Developer,OA Cleared,2026-03-26
Zoho,ML Engineer,Rejected,2025-03-21
Oracle,ML Engineer,OA Cleared,2025-01-11
Microsoft,Cloud Engineer,Rejected,2025-11-14
IBM,Software Engineer,Interview,2025-11-05
Microsoft,Frontend Developer,Selected,2025-10-01
Accenture,SDE Intern,OA Cleared,2025-08-23
Amazon,Backend Developer,Selected,2025-01-08
Google,Backend Developer,Rejected,2025-03-06
Tech Mahindra,SDE Intern,Interview,2025-11-09
Amazon,Backend Developer,OA Cleared,2025-01-29
Google,Backend Developer,OA Cleared,2025-06-15
Accenture,ML Engineer,Rejected,2026-02-23
Zoho,Software Engineer,Rejected,2025-03-10
Tech Mahindra,Software Engineer,OA Cleared,2025-06-10
Deloitte,Backend Developer,Selected,2025-12-15
Cognizant,Software Engineer,Interview,2025-12-20
Zoho,SDE Intern,Applied,2025-05-28
Google,Frontend Developer,Applied,2025-09-11
Microsoft,Cloud Engineer,Rejected,2025-05-15
Infosys,Cloud Engineer,Rejected,2025-10-23
Deloitte,ML Engineer,Selected,2025-08-20
Tech Mahindra,Software Engineer,Applied,2026-02-17
Capgemini,ML Engineer,Selected,2025-04-28
Oracle,Backend Developer,OA Cleared,2025-08-23
TCS,Frontend Developer,Selected,2025-05-25
Google,DevOps Engineer,OA Cleared,2025-05-04
Accenture,Backend Developer,Applied,2025-04-22
Zoho,Frontend Developer,Selected,2025-05-22
Cognizant,Cloud Engineer,Applied,2025-05-21
HCL,Frontend Developer,Rejected,2025-06-05
HCL,Data Analyst,Selected,2025-08-15
Capgemini,ML Engineer,Interview,2025-11-28
Capgemini,Data Analyst,Rejected,2026-04-30
Infosys,Frontend Developer,Rejected,2025-01-03
Google,Frontend Developer,Applied,2025-02-18
Amazon,ML Engineer,OA Cleared,2025-05-17
Google,Cloud Engineer,OA Cleared,2025-06-09
Zoho,Backend Developer,Rejected,2025-11-09
Oracle,Backend Developer,Applied,2026-03-27
Oracle,DevOps Engineer,Selected,2025-09-20
Oracle,Backend Developer,OA Cleared,2025-02-11
Google,Software Engineer,Applied,2025-03-06
IBM,DevOps Engineer,OA Cleared,2025-12-05
Tech Mahindra,Software Engineer,Selected,2025-03-07
Oracle,DevOps Engineer,Applied,2025-06-19
Capgemini,Software Engineer,Interview,2025-01-09
Microsoft,Data Analyst,Applied,2025-09-28
Amazon,Cloud Engineer,Interview,2026-04-14
Capgemini,Backend Developer,Applied,2025-11-18
Wipro,DevOps Engineer,Applied,2025-06-14
Capgemini,Frontend Developer,Rejected,2025-11-22
Microsoft,Software Engineer,Rejected,2026-05-02
Infosys,Cloud Engineer,Applied,2025-10-11
Microsoft,Cloud Engineer,Rejected,2025-12-12
Microsoft,Cloud Engineer,Interview,2025-12-07
Amazon,Frontend Developer,Interview,2025-12-17
Cognizant,Backend Developer,OA Cleared,2025-08-20
Capgemini,Software Engineer,OA Cleared,2026-05-12
Oracle,ML Engineer,Selected,2025-08-05
Microsoft,ML Engineer,OA Cleared,2026-05-12
Deloitte,Software Engineer,Rejected,2025-10-18
IBM,Frontend Developer,Rejected,2026-04-28
Amazon,Cloud Engineer,OA Cleared,2026-03-30
TCS,Backend Developer,Applied,2025-01-19
IBM,Frontend Developer,Applied,2025-10-31
Capgemini,Backend Developer,Applied,2025-10-25
Capgemini,ML Engineer,Selected,2025-11-16
Microsoft,Frontend Developer,Rejected,2025-02-07
TCS,Backend Developer,OA Cleared,2025-08-11
Deloitte,Backend Developer,Applied,2025-09-07
Oracle,ML Engineer,OA Cleared,2025-02-14
HCL,Frontend Developer,Applied,2025-08-18
Capgemini,ML Engineer,Selected,2026-04-03
Google,Frontend Developer,Rejected,2025-11-26
Amazon,Software Engineer,Rejected,2025-10-05
Accenture,Software Engineer,Rejected,2025-03-21
TCS,ML Engineer,Selected,2025-02-13
IBM,Software Engineer,Applied,2025-02-14
HCL,SDE Intern,OA Cleared,2025-01-31
Accenture,SDE Intern,Selected,2025-09-18
Capgemini,SDE Intern,Interview,2025-11-28
Deloitte,DevOps Engineer,Applied,2025-03-28
Google,Backend Developer,Rejected,2026-02-03
Tech Mahindra,Backend Developer,Interview,2025-07-24
Deloitte,Software Engineer,Selected,2025-05-13
Infosys,Software Engineer,Applied,2025-08-13
Cognizant,Data Analyst,Selected,2026-01-18
Oracle,Frontend Developer,Applied,2025-04-01
Oracle,DevOps Engineer,OA Cleared,2026-02-21
Amazon,DevOps Engineer,Interview,2025-02-26
IBM,Cloud Engineer,OA Cleared,2025-02-14
Tech Mahindra,Frontend Developer,Rejected,2025-12-25
Deloitte,ML Engineer,Interview,2025-11-17
Oracle,Data Analyst,Rejected,2025-03-18
Wipro,Frontend Developer,Rejected,2025-10-06
Capgemini,SDE Intern,Interview,2025-08-10
Amazon,Data Analyst,Rejected,2026-01-11
Accenture,DevOps Engineer,Rejected,2026-02-13
Deloitte,Software Engineer,OA Cleared,2025-03-08
Deloitte,DevOps Engineer,OA Cleared,2025-02-13
Deloitte,Software Engineer,OA Cleared,2025-07-06
Accenture,ML Engineer,Interview,2025-09-07
HCL,Software Engineer,OA Cleared,2025-01-03
IBM,Cloud Engineer,OA Cleared,2026-03-13
Google,DevOps Engineer,Selected,2026-02-08
TCS,SDE Intern,Applied,2025-07-04
Oracle,Data Analyst,Interview,2026-01-15
Microsoft,Data Analyst,OA Cleared,2025-10-23
TCS,Data Analyst,OA Cleared,2025-09-12
Cognizant,Backend Developer,Applied,2025-01-15
TCS,Data Analyst,Rejected,2025-01-15
Oracle,Frontend Developer,Rejected,2025-07-14
Tech Mahindra,Frontend Developer,OA Cleared,2025-05-25
Deloitte,Cloud Engineer,Rejected,2026-01-31
Zoho,DevOps Engineer,OA Cleared,2025-04-02
Amazon,DevOps Engineer,OA Cleared,2026-02-04
IBM,DevOps Engineer,Selected,2025-10-01
Cognizant,Software Engineer,Applied,2026-02-22
Zoho,DevOps Engineer,Rejected,2025-11-25
Microsoft,ML Engineer,OA Cleared,2025-05-23
Infosys,Frontend Developer,Interview,2026-02-05
IBM,DevOps Engineer,Selected,2025-02-04
Amazon,ML Engineer,OA Cleared,2026-04-05
Deloitte,DevOps Engineer,Selected,2025-01-08
Amazon,DevOps Engineer,Interview,2026-01-31
TCS,Frontend Developer,Rejected,2026-01-06
Microsoft,Data Analyst,Selected,2026-04-24
Zoho,SDE Intern,Applied,2025-08-29
Infosys,DevOps Engineer,Rejected,2025-08-30
Capgemini,Software Engineer,Applied,2026-02-13
Google,Software Engineer,Selected,2025-03-06
TCS,Backend Developer,Interview,2025-04-11
Microsoft,SDE Intern,Selected,2025-06-05
Google,Frontend Developer,OA Cleared,2025-07-05
TCS,Data Analyst,Interview,2025-01-08
Microsoft,ML Engineer,Selected,2025-01-21
Cognizant,SDE Intern,Applied,2025-12-30
HCL,Frontend Developer,Interview,2025-07-08
Cognizant,Software Engineer,Selected,2025-07-02
Microsoft,Backend Developer,Selected,2025-01-31
Oracle,Frontend Developer,OA Cleared,2025-01-29
IBM,ML Engineer,Interview,2025-12-18
Accenture,ML Engineer,Selected,2026-01-04
Google,ML Engineer,Selected,2026-02-03
Tech Mahindra,Data Analyst,Rejected,2026-04-11
Infosys,Software Engineer,Selected,2025-11-10
Zoho,Data Analyst,Rejected,2026-02-12
Tech Mahindra,Software Engineer,Interview,2026-03-30
Amazon,SDE Intern,OA Cleared,2025-11-12
Capgemini,Cloud Engineer,Applied,2025-03-23
Google,ML Engineer,Rejected,2025-12-24
Cognizant,Frontend Developer,Selected,2025-04-18
Deloitte,Software Engineer,Interview,2025-01-31
Infosys,Cloud Engineer,Applied,2025-01-23
Amazon,Backend Developer,OA Cleared,2025-11-07
Microsoft,SDE Intern,OA Cleared,2025-04-30
Infosys,Frontend Developer,OA Cleared,2025-05-25
Amazon,DevOps Engineer,Interview,2026-05-09
Oracle,Cloud Engineer,Applied,2025-09-16
IBM,Cloud Engineer,Applied,2026-01-27
Google,DevOps Engineer,Interview,2025-10-30
IBM,DevOps Engineer,Applied,2025-03-16
TCS,Frontend Developer,Selected,2025-06-09
HCL,ML Engineer,Applied,2026-04-20
Oracle,Data Analyst,Interview,2026-05-02
Infosys,Frontend Developer,OA Cleared,2025-12-21
Wipro,DevOps Engineer,Interview,2025-08-28
Tech Mahindra,Data Analyst,Rejected,2025-09-15
Amazon,ML Engineer,Applied,2025-05-23
Deloitte,Frontend Developer,Interview,2025-03-20
Amazon,Data Analyst,Rejected,2025-04-13
Amazon,Data Analyst,Selected,2026-01-27
HCL,DevOps Engineer,OA Cleared,2025-06-21
Microsoft,SDE Intern,OA Cleared,2025-01-27
Microsoft,Frontend Developer,OA Cleared,2026-01-12
Oracle,SDE Intern,OA Cleared,2025-01-16
Zoho,Cloud Engineer,Selected,2025-02-14
Capgemini,Cloud Engineer,Interview,2025-10-09
Oracle,Frontend Developer,Rejected,2026-01-15
Oracle,SDE Intern,Interview,2025-06-27
Microsoft,Frontend Developer,Selected,2025-05-11
Amazon,Software Engineer,OA Cleared,2025-01-28
Wipro,Backend Developer,Applied,2025-07-21
Infosys,DevOps Engineer,Selected,2025-11-27
Accenture,Backend Developer,Rejected,2025-03-26
IBM,Frontend Developer,Rejected,2025-01-28
IBM,Data Analyst,OA Cleared,2025-04-05
Oracle,Backend Developer,Selected,2026-05-09
Microsoft,ML Engineer,Interview,2025-06-23
TCS,Frontend Developer,Interview,2025-06-27
Deloitte,Data Analyst,Selected,2025-03-18
Cognizant,DevOps Engineer,Interview,2025-01-27
Cognizant,Frontend Developer,Selected,2025-07-27
Deloitte,DevOps Engineer,Selected,2025-08-24
Zoho,Backend Developer,Selected,2025-04-11
Oracle,DevOps Engineer,Applied,2025-06-22
TCS,Cloud Engineer,Rejected,2025-07-06
Amazon,Software Engineer,OA Cleared,2026-04-07
Amazon,Software Engineer,Rejected,2026-04-13
TCS,Software Engineer,OA Cleared,2025-10-20
Oracle,Backend Developer,Selected,2025-12-29
TCS,ML Engineer,Selected,2026-04-26
Infosys,Cloud Engineer,Interview,2026-05-10
Google,Software Engineer,Applied,2026-04-18
HCL,Frontend Developer,Interview,2026-05-15
Infosys,Data Analyst,Interview,2025-03-12
HCL,Backend Developer,Applied,2025-10-06
TCS,ML Engineer,Interview,2025-05-18
Google,DevOps Engineer,OA Cleared,2026-04-11
Microsoft,DevOps Engineer,Interview,2026-01-14
Capgemini,Cloud Engineer,Rejected,2025-08-23
Wipro,Data Analyst,Interview,2025-10-14
Cognizant,Backend Developer,Selected,2025-12-28
Cognizant,Data Analyst,Rejected,2025-07-10
Deloitte,DevOps Engineer,Interview,2025-12-10
Google,Frontend Developer,Selected,2025-07-24
Wipro,Backend Developer,Rejected,2026-04-09
Capgemini,SDE Intern,Interview,2026-04-03
Microsoft,DevOps Engineer,OA Cleared,2025-02-21
Cognizant,DevOps Engineer,Selected,2025-03-29
TCS,DevOps Engineer,Rejected,2026-05-11
Tech Mahindra,Backend Developer,Rejected,2025-06-06
Zoho,Backend Developer,Rejected,2026-05-12
IBM,Cloud Engineer,Applied,2025-11-03
Accenture,SDE Intern,Selected,2026-02-01
Zoho,ML Engineer,Applied,2026-04-07
Amazon,Frontend Developer,Selected,2025-12-06
Tech Mahindra,Cloud Engineer,Interview,2025-05-21
IBM,Cloud Engineer,Applied,2025-05-22
Oracle,Data Analyst,Interview,2026-05-13
Infosys,SDE Intern,Selected,2026-01-20
Zoho,DevOps Engineer,Rejected,2025-05-16
Accenture,SDE Intern,Selected,2026-02-10
Amazon,Cloud Engineer,Interview,2025-08-28
Cognizant,Backend Developer,Rejected,2025-10-31
IBM,Software Engineer,Interview,2025-02-26
Capgemini,SDE Intern,Applied,2026-01-15
Zoho,SDE Intern,OA Cleared,2025-07-24
Microsoft,SDE Intern,Applied,2025-10-24
Accenture,SDE Intern,Rejected,2025-10-10
Wipro,DevOps Engineer,Rejected,2025-12-21
IBM,ML Engineer,Selected,2025-09-13
Zoho,Software Engineer,Applied,2025-10-30
Tech Mahindra,ML Engineer,Applied,2025-04-19
TCS,Software Engineer,Selected,2025-05-10
Tech Mahindra,Cloud Engineer,Applied,2025-03-06
Zoho,Backend Developer,Applied,2026-04-11
Infosys,SDE Intern,OA Cleared,2025-09-09
Deloitte,Frontend Developer,OA Cleared,2025-04-13
HCL,Data Analyst,OA Cleared,2025-09-17
Zoho,Software Engineer,Applied,2025-04-26
Google,Cloud Engineer,Rejected,2025-08-26
Wipro,ML Engineer,OA Cleared,2025-07-22
HCL,Cloud Engineer,OA Cleared,2025-01-03
Accenture,Backend Developer,Selected,2025-03-07
Microsoft,Data Analyst,Interview,2025-12-23
TCS,DevOps Engineer,Interview,2025-01-18
Zoho,ML Engineer,Interview,2025-06-13
Accenture,Cloud Engineer,OA Cleared,2025-06-10
Cognizant,Data Analyst,Selected,2025-01-14
Microsoft,Cloud Engineer,Rejected,2026-03-08
Deloitte,SDE Intern,Selected,2025-11-09
Capgemini,Cloud Engineer,Applied,2025-08-19
Amazon,Backend Developer,Applied,2026-01-12
Tech Mahindra,Cloud Engineer,Rejected,2025-07-13
Deloitte,Data Analyst,Rejected,2026-02-04
Zoho,Frontend Developer,Interview,2025-02-20
Tech Mahindra,Cloud Engineer,Selected,2025-08-25
Infosys,Frontend Developer,Rejected,2026-01-01
Accenture,SDE Intern,Applied,2025-08-10
TCS,ML Engineer,Selected,2026-02-11
Deloitte,Software Engineer,Rejected,2025-11-07
Oracle,Frontend Developer,Interview,2025-11-26
Wipro,Software Engineer,Interview,2025-12-26
Microsoft,Software Engineer,OA Cleared,2025-04-05
Amazon,Backend Developer,Interview,2025-06-15
Accenture,Frontend Developer,Applied,2026-03-20
Amazon,Cloud Engineer,Rejected,2026-02-28
Oracle,SDE Intern,Selected,2025-02-02
Oracle,DevOps Engineer,Interview,2025-08-04
Tech Mahindra,SDE Intern,Rejected,2026-01-16
Tech Mahindra,Cloud Engineer,Rejected,2025-10-30
IBM,SDE Intern,Selected,2025-07-06
Cognizant,Frontend Developer,Rejected,2025-09-02
Oracle,DevOps Engineer,OA Cleared,2025-01-09
Oracle,SDE Intern,Interview,2025-02-28
IBM,Backend Developer,Applied,2025-10-22
TCS,DevOps Engineer,OA Cleared,2025-02-11
IBM,Data Analyst,OA Cleared,2025-07-25
Amazon,Backend Developer,Applied,2025-03-20
Accenture,SDE Intern,OA Cleared,2025-10-28
Accenture,Software Engineer,Interview,2025-07-24
Amazon,Backend Developer,OA Cleared,2025-05-12
HCL,Software Engineer,Applied,2025-06-28
TCS,Frontend Developer,Selected,2025-08-03
Google,DevOps Engineer,Applied,2025-03-21
Capgemini,SDE Intern,Selected,2025-07-18
Tech Mahindra,Cloud Engineer,OA Cleared,2025-09-02
Google,Data Analyst,Rejected,2025-03-19
Deloitte,Data Analyst,Rejected,2026-04-30
Deloitte,Cloud Engineer,Applied,2025-10-15
TCS,ML Engineer,Selected,2026-01-21
Capgemini,Cloud Engineer,Selected,2026-04-17
Deloitte,Frontend Developer,OA Cleared,2025-05-04
Amazon,Backend Developer,Rejected,2026-01-19
HCL,Data Analyst,Rejected,2026-03-29
Tech Mahindra,Data Analyst,Applied,2025-11-02
Amazon,DevOps Engineer,Interview,2025-02-12
Microsoft,Backend Developer,Interview,2025-09-30
Infosys,Frontend Developer,Rejected,2025-10-30
IBM,ML Engineer,Rejected,2025-01-13
Zoho,Cloud Engineer,OA Cleared,2025-02-17
Wipro,Software Engineer,Applied,2025-11-02
Zoho,Software Engineer,Selected,2025-11-15
Amazon,Frontend Developer,Interview,2025-08-13
Amazon,Frontend Developer,Applied,2025-10-10
Microsoft,Frontend Developer,Applied,2025-10-03
Zoho,Frontend Developer,Interview,2026-03-29
Tech Mahindra,DevOps Engineer,Applied,2025-11-16
Tech Mahindra,Cloud Engineer,OA Cleared,2025-05-28
IBM,Data Analyst,OA Cleared,2025-05-31
Oracle,SDE Intern,OA Cleared,2025-07-29
Google,Frontend Developer,OA Cleared,2025-06-18
Google,Cloud Engineer,Rejected,2026-04-18
Capgemini,ML Engineer,Rejected,2025-09-02
Google,Software Engineer,Rejected,2025-05-23
Wipro,Cloud Engineer,Selected,2025-05-24
Deloitte,Data Analyst,Applied,2025-05-03
Cognizant,Cloud Engineer,Selected,2025-02-07
Oracle,DevOps Engineer,Rejected,2025-05-08
Deloitte,Software Engineer,Interview,2025-05-25
Deloitte,Frontend Developer,Selected,2026-05-16
IBM,Cloud Engineer,Interview,2025-04-16
Capgemini,Data Analyst,Applied,2025-07-18
IBM,Cloud Engineer,Selected,2025-07-27
Zoho,Backend Developer,OA Cleared,2026-04-08
Microsoft,Software Engineer,OA Cleared,2026-03-04
Deloitte,Data Analyst,Applied,2025-01-24
Microsoft,DevOps Engineer,Interview,2026-04-08
Oracle,SDE Intern,Applied,2025-01-31
IBM,SDE Intern,Selected,2025-09-07
Wipro,Software Engineer,Selected,2025-07-24
Wipro,DevOps Engineer,Rejected,2025-03-27
Deloitte,Cloud Engineer,Selected,2026-02-15
Cognizant,Cloud Engineer,Interview,2025-04-27
IBM,DevOps Engineer,OA Cleared,2025-07-12
Amazon,Software Engineer,Selected,2025-12-31
TCS,Backend Developer,Rejected,2025-06-28
Microsoft,Cloud Engineer,Interview,2025-02-02
Tech Mahindra,Software Engineer,Selected,2025-12-10
Accenture,Cloud Engineer,Selected,2025-08-10
Google,ML Engineer,OA Cleared,2025-10-04
HCL,ML Engineer,Selected,2025-06-21
Amazon,Backend Developer,Selected,2026-02-03
Amazon,DevOps Engineer,Selected,2025-04-06
IBM,Cloud Engineer,Interview,2026-05-04
Deloitte,Backend Developer,Selected,2025-07-10
Amazon,Backend Developer,Selected,2026-04-13
Tech Mahindra,ML Engineer,Selected,2025-05-27
IBM,Frontend Developer,Selected,2026-01-09
Zoho,DevOps Engineer,Applied,2025-02-28
Microsoft,Software Engineer,Interview,2025-05-17
Capgemini,DevOps Engineer,Applied,2026-02-07
Deloitte,Backend Developer,Selected,2025-06-26
Microsoft,Software Engineer,Selected,2026-01-01
Deloitte,Data Analyst,OA Cleared,2025-08-06
Oracle,Software Engineer,Rejected,2025-08-07
Amazon,Backend Developer,Selected,2025-02-09
TCS,DevOps Engineer,Interview,2025-11-16
Amazon,Frontend Developer,Rejected,2025-09-19
Cognizant,Frontend Developer,OA Cleared,2026-01-31
Microsoft,Backend Developer,OA Cleared,2026-03-05
Zoho,Data Analyst,Selected,2025-11-02
HCL,Data Analyst,OA Cleared,2025-10-22
Google,Data Analyst,Selected,2026-02-04
HCL,Frontend Developer,Applied,2025-06-30
Oracle,Data Analyst,Rejected,2025-05-11
IBM,DevOps Engineer,Interview,2025-07-20
Oracle,SDE Intern,Applied,2026-01-06
Deloitte,Frontend Developer,Interview,2026-04-22
Accenture,SDE Intern,OA Cleared,2025-06-05
Infosys,Backend Developer,Selected,2025-01-02
Cognizant,Cloud Engineer,Rejected,2025-01-18
IBM,DevOps Engineer,OA Cleared,2025-12-01
Cognizant,DevOps Engineer,Applied,2025-01-27
TCS,ML Engineer,Selected,2026-03-21
Zoho,DevOps Engineer,Interview,2025-10-21
Microsoft,DevOps Engineer,Applied,2025-08-26
Microsoft,ML Engineer,OA Cleared,2025-06-26
Cognizant,Frontend Developer,Selected,2025-10-31
Zoho,Data Analyst,Interview,2026-03-02
Tech Mahindra,Frontend Developer,Selected,2025-04-21
Capgemini,DevOps Engineer,Rejected,2026-04-28
Microsoft,DevOps Engineer,Selected,2025-02-25
Cognizant,SDE Intern,OA Cleared,2026-02-28
Capgemini,Software Engineer,Selected,2025-07-31
Amazon,ML Engineer,OA Cleared,2025-04-23
Cognizant,ML Engineer,Applied,2025-04-06
Deloitte,SDE Intern,Applied,2026-02-22
Oracle,SDE Intern,Interview,2026-04-05
Zoho,SDE Intern,Selected,2025-12-21
Cognizant,DevOps Engineer,Selected,2026-04-08
Accenture,SDE Intern,Applied,2026-02-19
Accenture,Data Analyst,Applied,2025-01-31
Cognizant,Data Analyst,Applied,2025-08-03
Tech Mahindra,ML Engineer,OA Cleared,2025-08-15
Zoho,Backend Developer,Applied,2025-12-12
Amazon,ML Engineer,Rejected,2025-01-05
HCL,Backend Developer,Interview,2025-12-05
HCL,Frontend Developer,Applied,2025-09-29
Zoho,Software Engineer,Applied,2025-03-15
Accenture,DevOps Engineer,Applied,2026-04-26
Microsoft,Data Analyst,Rejected,2026-01-30
Oracle,DevOps Engineer,Selected,2025-05-30
Deloitte,ML Engineer,OA Cleared,2025-07-20
Google,ML Engineer,Interview,2025-05-16
Capgemini,DevOps Engineer,Applied,2026-02-09
Oracle,Cloud Engineer,OA Cleared,2026-04-03
Deloitte,SDE Intern,Applied,2026-02-16
Infosys,Cloud Engineer,OA Cleared,2025-08-19
Accenture,Frontend Developer,Applied,2025-12-21
Zoho,SDE Intern,Interview,2025-12-15
Oracle,Backend Developer,Rejected,2025-05-28
Amazon,Frontend Developer,Rejected,2025-04-17
Deloitte,Frontend Developer,Interview,2025-08-13
Accenture,ML Engineer,Rejected,2025-12-10
Wipro,SDE Intern,Applied,2025-04-24
Infosys,Frontend Developer,Applied,2026-02-09
Deloitte,Backend Developer,Interview,2026-05-07
IBM,Software Engineer,Selected,2025-09-14
Deloitte,Backend Developer,Interview,2026-01-04
Capgemini,ML Engineer,OA Cleared,2025-01-16
Tech Mahindra,Backend Developer,OA Cleared,2025-12-24
Capgemini,Software Engineer,Rejected,2026-05-09
TCS,Software Engineer,Selected,2025-04-18
Accenture,DevOps Engineer,Applied,2026-04-10
Capgemini,SDE Intern,Interview,2025-06-28
Cognizant,DevOps Engineer,Rejected,2025-05-04
Amazon,DevOps Engineer,Interview,2026-02-10
Cognizant,Data Analyst,Rejected,2026-03-22
Wipro,Frontend Developer,Selected,2025-01-21
Cognizant,Frontend Developer,Rejected,2025-05-18
Google,ML Engineer,Applied,2026-01-26
Zoho,Frontend Developer,Rejected,2026-03-27
Microsoft,Frontend Developer,Rejected,2026-01-03
Microsoft,Data Analyst,Selected,2025-06-21
Google,SDE Intern,Selected,2026-01-21
Amazon,Data Analyst,Interview,2025-04-16
Google,DevOps Engineer,Rejected,2025-07-14
Tech Mahindra,SDE Intern,Applied,2025-09-25
Deloitte,Backend Developer,Rejected,2025-11-25
Deloitte,SDE Intern,Rejected,2025-02-11
Capgemini,Software Engineer,Selected,2025-06-09
Oracle,Software Engineer,Selected,2026-04-05
Amazon,DevOps Engineer,OA Cleared,2025-01-11
Cognizant,Frontend Developer,Rejected,2025-10-14
Cognizant,Software Engineer,Applied,2025-06-14
Oracle,Software Engineer,Rejected,2025-05-11
Cognizant,Backend Developer,OA Cleared,2025-10-14
Tech Mahindra,Data Analyst,Applied,2025-02-08
Wipro,SDE Intern,OA Cleared,2025-01-18
HCL,Software Engineer,Applied,2025-09-11
Cognizant,SDE Intern,Interview,2025-06-21
Google,Frontend Developer,Selected,2026-02-03
Microsoft,ML Engineer,Rejected,2025-06-21
Tech Mahindra,SDE Intern,Interview,2025-07-31
Accenture,Data Analyst,Rejected,2026-04-04
Cognizant,DevOps Engineer,Selected,2026-01-24
HCL,Cloud Engineer,Selected,2026-05-15
IBM,Cloud Engineer,Selected,2025-02-04
IBM,ML Engineer,Applied,2026-03-26
Capgemini,Backend Developer,Applied,2026-02-22
Infosys,Cloud Engineer,Rejected,2025-06-18
Infosys,Frontend Developer,Rejected,2025-06-06
Cognizant,Backend Developer,Interview,2025-07-30
Oracle,Backend Developer,Rejected,2025-03-26
HCL,Frontend Developer,Interview,2025-06-09
Cognizant,Cloud Engineer,Interview,2025-09-13
Amazon,Backend Developer,Applied,2026-01-16
Capgemini,Frontend Developer,Interview,2025-11-23
Microsoft,ML Engineer,Applied,2025-10-07
Wipro,Software Engineer,Rejected,2026-01-01
Accenture,DevOps Engineer,Applied,2025-06-25
HCL,DevOps Engineer,Selected,2025-06-01
Tech Mahindra,Frontend Developer,OA Cleared,2025-09-10
Deloitte,DevOps Engineer,Selected,2025-07-11
Zoho,Cloud Engineer,Interview,2025-10-28
Infosys,Software Engineer,Interview,2025-11-30
Amazon,Software Engineer,OA Cleared,2025-06-11
Tech Mahindra,SDE Intern,Applied,2025-02-27
IBM,SDE Intern,Rejected,2026-01-03
Tech Mahindra,DevOps Engineer,Interview,2025-05-08
TCS,ML Engineer,Selected,2025-02-23
Oracle,Data Analyst,OA Cleared,2025-09-23
Accenture,SDE Intern,OA Cleared,2025-03-31
Amazon,Software Engineer,Applied,2026-02-23
HCL,Frontend Developer,Selected,2026-01-20
Wipro,Frontend Developer,OA Cleared,2025-12-08
Amazon,Software Engineer,Applied,2025-04-25
Google,ML Engineer,Rejected,2025-12-12
TCS,Frontend Developer,Selected,2025-01-15
HCL,Software Engineer,Rejected,2026-01-27
Zoho,Cloud Engineer,Applied,2026-03-17
Oracle,Data Analyst,Rejected,2025-03-10
Google,Cloud Engineer,OA Cleared,2025-10-25
TCS,ML Engineer,Applied,2025-09-17
Accenture,DevOps Engineer,Applied,2025-06-24
HCL,Software Engineer,Applied,2026-03-30
Deloitte,Frontend Developer,Interview,2025-09-21
Tech Mahindra,SDE Intern,Selected,2025-04-30
IBM,SDE Intern,Interview,2025-08-07
Tech Mahindra,ML Engineer,Applied,2025-09-08
Accenture,Software Engineer,Selected,2025-01-26
Zoho,ML Engineer,Rejected,2026-04-04
Infosys,Data Analyst,Rejected,2025-10-27
Oracle,ML Engineer,OA Cleared,2026-02-13
Tech Mahindra,SDE Intern,Rejected,2025-07-18
Deloitte,SDE Intern,Rejected,2025-12-17
Google,Software Engineer,Rejected,2026-01-28
Accenture,Backend Developer,OA Cleared,2025-07-09
Deloitte,Backend Developer,OA Cleared,2026-01-15
Deloitte,Cloud Engineer,Interview,2026-04-11
IBM,DevOps Engineer,Rejected,2026-03-28
Microsoft,Backend Developer,OA Cleared,2025-10-20
Zoho,Backend Developer,Interview,2025-02-04
Cognizant,DevOps Engineer,Selected,2025-09-20
HCL,SDE Intern,OA Cleared,2025-12-14
Capgemini,ML Engineer,Selected,2026-02-08
IBM,ML Engineer,OA Cleared,2026-02-24
Oracle,Data Analyst,Applied,2026-01-20
Cognizant,Cloud Engineer,Rejected,2026-01-04
Tech Mahindra,Software Engineer,OA Cleared,2025-01-24
Tech Mahindra,Data Analyst,Selected,2025-07-22
Infosys,Frontend Developer,Rejected,2025-03-01
Wipro,Data Analyst,Selected,2025-02-15
Cognizant,ML Engineer,Interview,2025-04-17
Wipro,DevOps Engineer,OA Cleared,2025-04-16
Oracle,Software Engineer,Applied,2025-10-22
Zoho,Data Analyst,Applied,2025-01-18
Amazon,Software Engineer,Rejected,2025-07-22
Amazon,ML Engineer,Rejected,2025-09-25
Deloitte,Software Engineer,Selected,2026-02-12
Microsoft,SDE Intern,Selected,2025-05-20
HCL,ML Engineer,Interview,2025-05-07
Amazon,ML Engineer,OA Cleared,2026-01-14
HCL,Data Analyst,Applied,2026-01-25
TCS,Software Engineer,Rejected,2025-11-27
Amazon,Software Engineer,OA Cleared,2025-10-31
IBM,ML Engineer,Interview,2025-03-26
TCS,Data Analyst,Selected,2025-06-25
TCS,Data Analyst,Interview,2025-06-03
HCL,ML Engineer,OA Cleared,2026-04-11
TCS,Data Analyst,Selected,2026-01-17
Oracle,DevOps Engineer,OA Cleared,2025-12-31
Zoho,SDE Intern,Interview,2026-04-21
Amazon,ML Engineer,Applied,2025-02-06
Microsoft,SDE Intern,Interview,2025-05-13
Zoho,Software Engineer,Interview,2025-12-24
Tech Mahindra,Cloud Engineer,Interview,2025-07-18
HCL,Frontend Developer,Interview,2025-07-01
Oracle,Software Engineer,Rejected,2026-01-10
Google,Frontend Developer,OA Cleared,2025-02-21
Cognizant,SDE Intern,Rejected,2025-05-28
Deloitte,ML Engineer,Rejected,2026-04-02
Cognizant,DevOps Engineer,Applied,2025-03-16
HCL,Software Engineer,Selected,2025-06-20
Oracle,Software Engineer,Selected,2026-01-01
Wipro,Frontend Developer,Rejected,2026-02-22
Amazon,SDE Intern,Rejected,2026-01-27
Capgemini,Cloud Engineer,Selected,2025-05-07
HCL,DevOps Engineer,Selected,2025-11-03
Deloitte,Frontend Developer,Interview,2025-09-02
TCS,SDE Intern,Selected,2025-07-27
Tech Mahindra,Software Engineer,Interview,2025-04-23
Tech Mahindra,Cloud Engineer,OA Cleared,2025-11-28
Capgemini,SDE Intern,OA Cleared,2025-05-07
IBM,DevOps Engineer,Selected,2025-02-07
Microsoft,ML Engineer,Rejected,2025-07-12
Wipro,Frontend Developer,Rejected,2025-02-27
TCS,Cloud Engineer,Applied,2026-04-09
Deloitte,SDE Intern,Selected,2025-11-13
HCL,Software Engineer,Selected,2025-06-04
Wipro,Frontend Developer,Rejected,2025-10-20
TCS,Frontend Developer,Interview,2025-07-27
Wipro,ML Engineer,OA Cleared,2026-01-02
Accenture,SDE Intern,Applied,2026-03-28
Wipro,SDE Intern,Selected,2025-09-11
Microsoft,Cloud Engineer,Rejected,2025-11-15
Zoho,ML Engineer,Rejected,2025-12-11
Tech Mahindra,Data Analyst,Selected,2026-02-21
Tech Mahindra,Cloud Engineer,Selected,2025-03-10
Oracle,Backend Developer,Selected,2025-02-02
Zoho,SDE Intern,Rejected,2025-05-09
Capgemini,SDE Intern,OA Cleared,2025-08-30
Oracle,SDE Intern,Applied,2026-04-04
IBM,Software Engineer,Interview,2025-08-01
Microsoft,Software Engineer,Rejected,2025-08-11
IBM,Frontend Developer,Applied,2025-07-04
Tech Mahindra,Cloud Engineer,OA Cleared,2026-03-26
Oracle,DevOps Engineer,Interview,2025-10-07
Capgemini,Software Engineer,Applied,2026-02-28
Wipro,Data Analyst,Rejected,2025-09-02
Capgemini,ML Engineer,Selected,2025-11-25
Infosys,Cloud Engineer,OA Cleared,2025-10-03
Tech Mahindra,SDE Intern,Selected,2025-06-18
Infosys,SDE Intern,Selected,2025-02-11
HCL,Data Analyst,Selected,2025-06-25
Accenture,Data Analyst,Selected,2025-08-30
Oracle,Backend Developer,Applied,2025-11-27
Deloitte,SDE Intern,Rejected,2025-04-14
Oracle,ML Engineer,Applied,2025-06-18
Zoho,Cloud Engineer,Rejected,2025-05-06
Deloitte,SDE Intern,OA Cleared,2026-04-11
Microsoft,Software Engineer,Rejected,2025-10-05
Infosys,Frontend Developer,OA Cleared,2026-04-23
Google,SDE Intern,Interview,2025-02-05
TCS,Frontend Developer,Applied,2025-10-01
TCS,Frontend Developer,OA Cleared,2025-04-28
Zoho,Frontend Developer,Applied,2025-09-11
Deloitte,Cloud Engineer,Applied,2025-11-12
TCS,Backend Developer,Applied,2025-02-25
Zoho,DevOps Engineer,Rejected,2025-10-09
HCL,Frontend Developer,Applied,2025-07-10
Tech Mahindra,DevOps Engineer,Rejected,2025-04-18
Deloitte,Software Engineer,OA Cleared,2025-12-26
Infosys,Backend Developer,Interview,2025-03-25
HCL,Backend Developer,Applied,2026-02-17
Wipro,Software Engineer,Selected,2025-09-23
Oracle,Frontend Developer,OA Cleared,2026-03-21
Wipro,ML Engineer,Interview,2026-01-28
IBM,Software Engineer,Selected,2026-05-05
HCL,Cloud Engineer,Selected,2025-09-19
Cognizant,SDE Intern,Rejected,2025-12-29
IBM,DevOps Engineer,Applied,2025-04-21
Cognizant,ML Engineer,Applied,2026-04-29
Google,ML Engineer,Selected,2026-02-01
Capgemini,Frontend Developer,Applied,2025-04-08
Tech Mahindra,Data Analyst,Applied,2025-06-22
Wipro,Backend Developer,Applied,2025-08-25
Wipro,Data Analyst,Interview,2026-04-25
Zoho,Frontend Developer,Interview,2026-03-28
Oracle,Frontend Developer,Interview,2025-12-17
Deloitte,DevOps Engineer,Rejected,2025-02-16
Wipro,Software Engineer,Applied,2025-05-05
Tech Mahindra,Data Analyst,Selected,2025-03-05
Microsoft,Software Engineer,Rejected,2025-09-22
Capgemini,Cloud Engineer,Interview,2026-01-27
Google,Software Engineer,Applied,2026-02-20
Tech Mahindra,ML Engineer,OA Cleared,2025-09-24
Deloitte,Data Analyst,Applied,2025-12-24
Google,Cloud Engineer,Selected,2025-05-22
Zoho,DevOps Engineer,Applied,2025-07-28
IBM,Cloud Engineer,OA Cleared,2025-05-30
Wipro,Data Analyst,Selected,2026-03-16
HCL,DevOps Engineer,Rejected,2025-11-13
Deloitte,Frontend Developer,Rejected,2026-02-19
IBM,Frontend Developer,Interview,2025-12-15
Oracle,SDE Intern,OA Cleared,2025-01-20
Capgemini,Data Analyst,Rejected,2026-03-19
Wipro,SDE Intern,Rejected,2025-08-02
Deloitte,SDE Intern,Rejected,2026-01-14
Oracle,Data Analyst,Interview,2026-02-03
Wipro,ML Engineer,Rejected,2025-10-29
Infosys,DevOps Engineer,OA Cleared,2026-04-17
Zoho,Cloud Engineer,Applied,2026-02-08
Deloitte,Backend Developer,Interview,2025-02-19
Tech Mahindra,Backend Developer,OA Cleared,2026-03-25
TCS,SDE Intern,Selected,2026-01-25
Tech Mahindra,ML Engineer,OA Cleared,2025-12-30
Wipro,ML Engineer,Interview,2025-12-03
Amazon,ML Engineer,Rejected,2025-07-26
Microsoft,Data Analyst,Selected,2026-02-10
Google,Cloud Engineer,Selected,2025-08-29
Tech Mahindra,Data Analyst,Selected,2026-03-15
TCS,SDE Intern,Selected,2025-02-06
Wipro,Software Engineer,Applied,2026-02-02
HCL,DevOps Engineer,OA Cleared,2026-05-12
Tech Mahindra,Backend Developer,OA Cleared,2025-12-07
Zoho,SDE Intern,Applied,2025-07-18
Amazon,Cloud Engineer,Selected,2026-03-12
Cognizant,SDE Intern,OA Cleared,2026-02-18
Zoho,Cloud Engineer,OA Cleared,2025-05-17
TCS,Software Engineer,Rejected,2025-06-03
Oracle,DevOps Engineer,OA Cleared,2025-09-08
IBM,ML Engineer,Rejected,2025-08-19
Accenture,ML Engineer,Interview,2025-08-02
TCS,Software Engineer,Interview,2025-09-23
Zoho,Data Analyst,Rejected,2026-02-23
Amazon,SDE Intern,Rejected,2025-12-08
Amazon,Backend Developer,OA Cleared,2026-04-22
HCL,SDE Intern,Selected,2025-07-05
IBM,Cloud Engineer,Rejected,2025-03-30
TCS,Backend Developer,Interview,2025-02-27
Tech Mahindra,SDE Intern,OA Cleared,2025-03-31
Cognizant,Data Analyst,Interview,2025-05-02
Cognizant,ML Engineer,Rejected,2025-03-09
Google,ML Engineer,Selected,2025-11-20
Zoho,Software Engineer,Applied,2025-01-31
Infosys,Backend Developer,Applied,2025-10-14
Deloitte,Backend Developer,Rejected,2026-05-01
Tech Mahindra,Frontend Developer,Interview,2025-08-01
HCL,Data Analyst,Applied,2026-04-20
HCL,Cloud Engineer,OA Cleared,2025-10-23
Google,Cloud Engineer,Interview,2025-04-26
Deloitte,Backend Developer,Selected,2026-01-27
Accenture,Backend Developer,Selected,2025-08-15
Tech Mahindra,SDE Intern,OA Cleared,2025-11-20
IBM,Data Analyst,Interview,2026-01-21
Oracle,Frontend Developer,Rejected,2025-06-28
Google,Backend Developer,Applied,2025-10-02
HCL,Frontend Developer,Applied,2025-07-19
Google,Frontend Developer,Interview,2025-02-12
Oracle,Backend Developer,Interview,2025-06-17
Accenture,ML Engineer,Rejected,2025-05-09
Amazon,Software Engineer,OA Cleared,2026-02-04
